共有 旅館 298 家?? 查詢日期：103年9月10日,,,,,,,,,,,,,,,,,,,
專用標,名稱,英文名稱,日文名稱,電話,傳真,營業地址,英文營業地址,日文營業地址,現狀,網址,E-mail,負責人/經營者,經營類型/特色,房間數,參考房價,交通資訊及觀光景點,核准設立日期,最近裝修日期,照片(上傳日期)
識編號,,,,,,,,,,,,,,,,,,,
70,皇凱賓館,皇凱賓館 ,皇凱賓館,04 - 22206108 ,? ,臺中市中區三民路二段116號6-8樓,皇凱賓館,台中市中?三民路二段116?6~8F ,合法 營業,,,江月秀,"一般旅館, ,",13 間,500 ~ 1000,,2004/2/25,,
36,東城旅社,East Side Hostel ,??????????,04 - 22225002 ,04 - 22963322 ,臺中市中區中山路14號,Taichung City in the mountain on the 14th District,14???山台中市 ,合法 營業,,,古金昌,"一般旅館, ,",25 間,300 ~ 500,,2004/2/15,,3張(2014/09/05)
311,塔木德．中山館,Talmud Business Hotel-Zhong Shan ,塔木德˙中山館,04 - 22276633 ,04 - 22270366 ,臺中市中區中山路175巷15號,"No.15, Ln. 175, Zhongshan Rd., Central Dist., Taichung City 400, Taiwan (R.O.C.)",台中市中?中山路175巷15? ,合法 營業,http://www.talmud.com.tw,order.talmud@kimo.com,林家豐,"一般旅館,商務旅館,,",74 間,1560 ~ 4820,交通資訊:位於台中火車站10分鐘路程 毗鄰台中火車站、宮原眼科、一中商圈、繼光街商圈、中華路夜市、及台中電子街等繁華景點。,2013/7/9,2013/6/26,5張(2014/09/05)
132,集賢大飯店,HOTEL WITH MTV ,集賢大飯店,04 - 22291171 ,04 - 22278802 ,臺中市中區中山路17之7之1、17之8之1號,"7-8F., No.17, Zhongshan Rd., Central Dist., Taichung City 400, Taiwan (R.O.C.)",台中市中?中山路17?7~8F ,合法 營業,,,王志良,"一般旅館, ,",35 間,680 ~ 1600,,2004/4/26,,
60,53行館,53 Hotel ,53 Hotel,04 - 22206699 ,04 - 22205899 ,臺中市中區中山路27號,"No.27, Zhongshan Rd., Central Dist., Taichung City 400, Taiwan (R.O.C.)",台中市中?中山路27? ,合法 營業,http://www.53hotel.com.tw,daphne@53hotel.com.tw,賴忠明,"一般旅館, ,",70 間,3600 ~ 5500,,2004/2/15,,5張(2014/09/05)
106,安可旅店,Bravo Hotel ,安可旅店,04 - 22225005 ,04 - 22225006 ,臺中市中區中山路3-1號,"No.3-1, Zhongshan Rd., Central Dist., Taichung City 400, Taiwan (R.O.C.)",台中市中?中山路3-1? ,合法 營業,http://www.bravo-hotel.com.tw,service@bravo-hotel.com.tw,曾黃麗真,"一般旅館, ,",46 間,1280 ~ 2500,,2004/3/25,,1張(2014/09/05)
120,富春大飯店,FUH CHUN HOTEL ,富春大飯店?　???　???,04 - 22283181 ,04 - 22283187 ,臺中市中區中山路3號,"No.3, Zhongshan Rd., Central Dist., Taichung City 400, Taiwan (R.O.C.)",台中市中?中山路3? ,合法 營業,,,陳信雄,"一般旅館, ,",61 間,530 ~ 1580,,2004/3/25,,
310,綠柳町文旅,Reloading Hotel ,綠柳町文旅,04 - 22217668 ,04 - 22217665 ,臺中市中區中山路55號,"No.55, Zhongshan Rd., Central Dist., Taichung City 400, Taiwan (R.O.C.)",台中市中?中山路55? ,合法 營業,http://reloading-hotel.com/,hotel.tbtr@gmail.com,邱郁清,"一般旅館,商務旅館,,",40 間,1680 ~ 3220,鄰進宮原眼科、臺中公園、電子街與繼光街,2013/7/8,2013/5/24,
130,仙宗大飯店,SHIAN TJONG HOTEL ,,04 - 22228821 ,04 - 22228905 ,臺中市中區中正路103巷4號,"No.4, Ln. 103, Zhongzheng Rd., Central Dist., Taichung City 400, Taiwan (R.O.C.)",,合法 停業,,,蔡順貴,"一般旅館, ,",12 間,800 ~ 1000,,2004/4/26,,
23,碧園旅店,PEIYAN HOTEL ,碧園旅店,04 - 22276115 ,04 - 22208565 ,臺中市中區中正路112號,"No.112, Zhongzheng Rd., Central Dist., Taichung City 400, Taiwan (R.O.C.)",台中市中?中正路112? ,合法 營業,,,林羿吟,"一般旅館, ,",30 間,500 ~ 1200,,2004/1/15,,
73,哈密瓜時尚旅店,MING KING HOTEL ,無,04 - 22245577 ,04 - 22229896 ,臺中市中區中正路11號6-12樓,"7-12F., No.11, Zhongzheng Rd., Central Dist., Taichung City 400, Taiwan (R.O.C.)",無 ,合法 營業,,,徐照雄,"商務旅館, ,",67 間,1180 ~ 2800,,2004/3/15,,3張(2014/09/05)
141,金奇易果快捷旅店,Kiwi Express Hotel-Zhongzheng branch ,????????????中正,04 - 22294466 ,04 - 22206665 ,臺中市中區中正路253號3至9樓,"No.253, Zhongzheng Rd., Central Dist., Taichung City 400, Taiwan (R.O.C.)",台中市中?中正路253?3至9樓 ,合法 營業,,,徐照雄,"一般旅館, ,",43 間,2000 ~ 3200,,2004/4/26,,5張(2014/09/05)
44,銀座大飯店,Gin-Za Hotel ,銀座大飯店???　???,04 - 22252181 ,04 - 22256699 ,臺中市中區中正路43巷16號,"No.16, Ln. 43, Zhongzheng Rd., Central Dist., Taichung City 400, Taiwan (R.O.C.)",台中市中?中正路43巷16? ,合法 營業,,,謝淑華,"一般旅館, ,",61 間,600 ~ 1400,,2004/2/15,,
91,華園大旅社,華園大旅社 ,華園大旅社,04 - 22225056 ,? ,臺中市中區中正路43巷2-1號,華園大旅社,台中市中?中正路43巷2-1? ,合法 營業,,,林瑩如,"一般旅館, ,",20 間,500 ~ 1200,,2004/3/25,,
315,御所旅館,YU SO HOTEL ,御所旅?,04 - 22319928 ,04 - 22319928 ,臺中市中區公園里市府路81號5-6樓,"5-6F., No.81, Shifu Rd., Central Dist., Taichung City 400, Taiwan (R.O.C.)",台中市中?公?里市府路81?5-6? ,合法 營業,,,吳聲忠,"一般旅館,,",12 間,1200 ~ 1800,,2013/11/25,2013/10/15,5張(2014/09/05)
89,福泰桔子商務旅館(3星),Taichung Forte Orange Business Hotel –Taichung Park ,福泰桔子商務旅館,04 - 22262323 ,04 - 22290606 ,臺中市中區公園路17號1樓、4樓至8樓,"No.17, Gongyuan Rd., Central Dist., Taichung City 400, Taiwan (R.O.C.)",台中市中?公園路17? ,合法 營業,,,高銘裕,"一般旅館,商務旅館,,",134 間,1400 ~ 3040,,2010/7/9,,
38,名帥大飯店,Marshal Hotel ,名帥大飯店?????　???,04 - 22267589 ,04 - 22262709 ,臺中市中區市府路146號6-8樓,"6-8F., No.146, Shifu Rd., Central Dist., Taichung City 400, Taiwan (R.O.C.)",台中市中?市府路146?6~8F ,合法 營業,,,林婕汝,"一般旅館, ,",48 間,2200 ~ 3600,,2004/2/15,,
297,台中富信大飯店,FUSHIN hotel ,富信???,04 - 22296999 ,04 - 22295000 ,臺中市中區市府路14號,"No.14, Shifu Rd., Central dist., Taichung City 400, Taiwan(R.O.C.)",台中市中?市府路14? ,合法 營業,http://www.fushin-hotel.com.tw,fushin@fushin-hotel.com.tw,劉喜文,"商務旅館,,",88 間,2180 ~ 5300,,2012/7/31,2012/4/10,
58,花洲大旅社,花洲大旅社 ,花洲大旅社,04 - 22226116 ,? ,臺中市中區平等街132號2樓,"2F., No.132, Pingdeng St., Central Dist., Taichung City 400, Taiwan (R.O.C.)",台中市中?平等街132?2F ,合法 營業,,,陳月美,"一般旅館, ,",10 間,500 ~ 500,,2004/2/15,,
81,紅點文旅,Reddot Hotel ,?????? ???,04 - 22291191 ,04 - 22291197 ,臺中市中區民族路206號,"No.206, Minzu Rd., Central Dist., Taichung City 400, Taiwan (R.O.C.)",台中市中?民族路206? ,合法 營業,,ely53215@gmail.com,吳宗穎,"商務旅館, ,",55 間,1440 ~ 3860,,2004/3/15,,
298,成旅晶贊飯店,Park City Hotel．Central Taichung ,??????????．台中民?,04 - 22235678 ,04 - 22230505 ,臺中市中區民權路66號、繼光街25號1至9樓,"No.66, Minquan Rd., Central Dist., Taichung City 400, Taiwan (R.O.C.)",台? 台中市中?民?路66? ,合法 營業,http://www.parkcthotel.com,TC71-RV@parkcthotel.com,黃炳彰,"一般旅館,休閒度假旅館,商務旅館,,",109 間,2520 ~ 10000,坐落於臺中新舊市區交融的民權商圈，鄰近金融、文教、臺中車站、臺中州廳、臺中公園及臺中創意文化園區，係未來臺中火車站高架化後的都市新市區，週遭商圈生活機能完善，無論洽公或旅遊，更能貼近城市脈動,2012/7/13,,5張(2014/09/05)
35,塔木德．光復館,Talmud Business Hotel-Guangfu ,塔木德．光復館,04 - 22211666 ,04 - 22211006 ,臺中市中區光復路101號,"No.101, Guangfu Rd., Central Dist., Taichung City 400, Taiwan (R.O.C.)",台中市中?光復路101? ,合法 營業,http://www.talmud.com.tw/,order.talmud@kimo.com,林文賢,"一般旅館, ,",34 間,1560 ~ 3780,交通資訊:位於台中火車站10分鐘路程 毗鄰台中公園、光復玉市，鄰近台中火車站、宮原眼科、一中商圈、繼光街商圈、中華路夜市、及台中電子街等繁華景點。,2004/2/15,,5張(2014/09/05)
159,豪宮大飯店,PALACE HOTEL ,豪宮大飯店,04 - 22242190 ,? ,臺中市中區光復路115號,"No.115, Guangfu Rd., Central Dist., Taichung City 400, Taiwan (R.O.C.)",台中市中?光復路115? ,合法 營業,,,丁雲,"一般旅館, ,",16 間,700 ~ 1600,,2004/8/20,,
20,銀河別?,GALAXY HOTEL ,銀河別館,04 - 22260467 ,? ,臺中市中區光復路151號11樓之3,"11F.-3, No.151, Guangfu Rd., Central Dist., Taichung City 400, Taiwan (R.O.C.)",台中市中?光復路151?11F?3 ,合法 營業,,,黃振彬,"商務旅館, ,",7 間,800 ~ 1680,,2004/1/15,,
319,慕戀商旅,Moon Lake Hotel ,慕?商旅,04 - 37048866 ,04 - 22238557 ,臺中市中區光復路42之3號,"No.42-3, Guangfu Rd., Central Dist., Taichung City 400, Taiwan (R.O.C.)",台中市中?光復路42之3? ,合法 營業,,ml.taichung@gmail.com,邱億隆,"一般旅館,商務旅館,,",70 間,1300 ~ 6000,面繼光商圈，鄰第一廣場、宮原眼科、20號倉庫、中友百貨等景點，步行10分鐘即達台中火車站，車程15分鐘即達台中高鐵站，交通便利,2014/3/18,2014/1/28,
86,新家旅店,NEW HOUSE HOTEL ,新家旅店,04 - 22262125 ,04 - 22252006 ,臺中市中區光復路45號,"No.45, Guangfu Rd., Central Dist., Taichung City 400, Taiwan (R.O.C.)",台中市中?光復路45? ,合法 營業,,,顧燕楸,"一般旅館, ,",28 間,700 ~ 1200,,2004/3/15,,
71,西苑旅店,Garden Hotel ,西苑旅店,04 - 22222568 ,04 - 22222607 ,臺中市中區成功路114號1至6樓,"No.114, Chenggong Rd., Central Dist., Taichung City 400, Taiwan (R.O.C.)",台中市中?成功路114?1-6F ,合法 營業,,,林文慶,"一般旅館, ,",33 間,700 ~ 1000,,2004/3/15,,
125,意文大飯店,E MOON HOTEL ,意文大飯店?　??　???,04 - 22238031~33 ,? ,臺中市中區成功路160號,"No.160, Chenggong Rd., Central Dist., Taichung City 400, Taiwan (R.O.C.)",台中市中?成功路160? ,合法 營業,,,陳政清,"一般旅館, ,",49 間,1500 ~ 2500,,2004/4/26,,
134,金奇易果快捷旅店（成功店）,Kiwi Express Hotel-Chenggond branch ,????????????成功,04 - 35090681 ,04 - 35090685 ,臺中市中區成功路165號,"No.165, Chenggong Rd., Central Dist., Taichung City 400, Taiwan (R.O.C.)",台中市中?成功路165? ,合法 營業,http://www.rs-kiwihotel.com/,service23@rate-inn.com,徐照雄,"一般旅館, ,",39 間,2080 ~ 5800,【開車族】 國道三號：南下北上均從龍井交流道( 183km )下交流道，往台中市經中港路往台中火車站方向行駛，沿中港路直走接中正路至平等街左轉再右轉成功路即到達 國道一號：南下北上均從台中交流道( 178.6km )下交流道，經中港路往台中火車站方向行駛，沿中港路直走接中正路至平等街左轉再右轉成功路即到達 【非開車族】 台鐵停靠站：台中車站，再步行至本館 (台鐵查詢http://www.railway.gov.tw/tw/) 客運停靠站：國光客運、統聯客運，再步行至本館 (客運查詢) 國光客運http://www.kingbus.com.tw/time&price.php 統聯客運http://www.ubus.com.tw/html/line/search_list.php 市區公車動態暨路網轉乘系統，至成功平等街口站／光復國小站／台中公園站，再步行至本館 (台中市公車系統網址http://citybus.taichung.gov.tw/new.aspx) 高鐵停靠站: 台中烏日站，轉乘台鐵至台中火車站，再步行至本館 (高鐵查詢http://www.thsrc.com.tw/tc/ticket/tic_time_search.asp) 【火車站到旅店交通資訊】 客運:搭乘巨業交通168或169號至成功平等街口站，再步行至本館 計程車:搭乘計程車沿站前中正路至平等街左轉再右轉成功路即到達本館 至本旅店住宿免費享有停車場和預約接駁服務(採時段預約制).請於入住日.前2天來電預約04-35090681接駁次數為住房及退房為主.接駁地點僅限於台鐵.高鐵.國光客運.統聯客運,2004/4/26,,2張(2014/09/09)
129,花國大旅社,Hua Kuo ,花?大旅社,04 - 22204135 ,? ,臺中市中區成功路26號6-7樓,"No.26, Chenggong Rd., Central Dist., Taichung City 400, Taiwan (R.O.C.)",台中市中?成功路26?6~7F ,合法 營業,,,黃明德,"一般旅館, ,",26 間,580 ~ 1000,,2004/4/26,,
56,雙美堂大飯店,SHUANG MEI HOTEL ,雙美堂大飯店,04 - 22225025 ,04 - 22267325 ,臺中市中區自由路2段52之1號4-7樓,"4-7F., No.52-1, Sec. 2, Ziyou Rd., Central Dist., Taichung City 400, Taiwan (R.O.C.)",雙美堂大飯店 ,合法 營業,,,林思青,"一般旅館, ,",27 間,680 ~ 1000,,2004/2/15,,
115,臺中公園智選假日飯店(3星),Holiday Inn Express Taichung Park ,臺中公園智選假日飯店,04 - 35059898 ,04 - 35050598 ,"臺中市中區自由路2段94號1,3,4,5,12,13樓","No.94, Sec. 2, Ziyou Rd., Central Dist., Taichung City 400, Taiwan (R.O.C.)","台中市中?自由路94?1,3,4,5,12,13F ",合法 營業,http://www.taichung.hiexpress.com/,service@hiexpresstc.com,楊國鼎,"一般旅館,商務旅館, ,",168 間,5000 ~ 6000,,2008/9/19,,1張(2014/09/05)
93,建成旅社,Jiang Cheng Hotel ,建成旅社,04 - 22222497 ,? ,臺中市中區建國路125巷10號,"No.10, Ln. 125, Jianguo Rd., Central Dist., Taichung City",台中市中?建?路125巷10? ,合法 營業,,,林進義,"一般旅館, ,",10 間,300 ~ 500,,2004/3/25,,
122,美豐旅社,美豐旅社 ,美豐旅社,04 - 22283111 ,? ,臺中市中區建國路159巷12號,美豐旅社,台中市中?建?路159巷12? ,合法 營業,,,林朝鐸,"一般旅館, ,",18 間,300 ~ 500,,2004/4/26,,
145,長春旅社,Chang Chun Hotel ,長春旅社,04 - 22255700 ,? ,臺中市中區建國路159巷13號1樓,"1F., No.13, Ln. 159, Jianguo Rd., Central Dist., Taichung City",台中市中?建?路159巷13? ,合法 營業,,,陳朱秀琴,"一般旅館, ,",2 間,200 ~ 200,,2004/4/26,,
124,南北旅社,南北旅社 ,南北旅社,04 - 22224552 ,? ,臺中市中區建國路159巷15號,南北旅社,台中市中?建?路159巷15? ,合法 營業,,,林棠華,"一般旅館, ,",15 間,300 ~ 300,,2004/4/26,,
158,巧合大飯店,CHANCE HOTEL ,巧合大飯店????　???,04 - 22297161 ,04 - 22251845 ,"臺中市中區建國路161,163號","No.161,163, Jianguo Rd., Central Dist., Taichung City 400, Taiwan (R.O.C.)","台中市中?建?路161,163? ",合法 營業,,,紀竹林,"一般旅館, ,",74 間,950 ~ 1600,,2004/7/25,,3張(2014/09/05)
8,達欣大飯店,PLAZA HOTEL ,達欣大飯店,04 - 22293191 ,04 - 22223398 ,臺中市中區建國路180號,"No.180, Jianguo Rd., Central District, Taichung City 400, Taiwan (R.O.C.)",台中市中?建?路180? ,合法 營業,http://www.plazahotel.com.tw,,賴營炫,"一般旅館, ,",81 間,1300 ~ 4800,位於台中火車站旁，僅需步行3分鐘(前站出口右方)，鄰近台中火車站、一中街、第二市場、台中公園、忠孝夜市、中華夜市、二十號倉庫等。,2004/1/15,,5張(2014/09/03)
34,王冠大飯店,CROWN HOTEL ,王冠大飯店????　???,04 - 22292175 ,? ,臺中市中區建國路184號,"No.184, Jianguo Rd., Central Dist., Taichung City 400, Taiwan (R.O.C.)",台中市中?建?路184? ,合法 營業,,,王莉涵,"一般旅館, ,",70 間,2000 ~ 4000,,2004/2/15,,
123,南北大飯店,NAN PEI HOTEL ,南北大飯店,04 - 22230386 ,? ,臺中市中區建國路186號,"No.186, Jianguo Rd., Central Dist., Taichung City 400, Taiwan (R.O.C.)",台中市中?建?路186? ,合法 營業,,,林施菊,"一般旅館, ,",19 間,450 ~ 450,,2004/4/26,,
77,永豐大旅社,無 ,永豐大旅社,04 - 22222018 ,? ,臺中市中區建國路187號,無,台中市中?建?路187? ,合法 營業,,,羅艷鳳,"一般旅館, ,",37 間,500 ~ 700,,2004/3/15,,
37,樂府大飯店,Lo Fo Hotel ,?府大飯店???　??,04 - 22297181 ,04 - 22241289 ,臺中市中區建國路89號5樓之1(5-11樓),"5F.-1, No.89, Jianguo Rd., Central Dist., Taichung City 400, Taiwan (R.O.C.)",台中市中?建?路89?5F之1 ,合法 營業,,,林高弘,"一般旅館, ,",66 間,700 ~ 1800,,2004/2/15,,
186,金樺大飯店(2星),CHIN HUA HOTEL ,金樺大飯店??　??　???,04 - 22272257 ,04 - 22271858 ,臺中市中區柳川西路3段19號,"No.19, Sec. 3, Liuchuan W. Rd., Central Dist., Taichung City 400, Taiwan (R.O.C.)",台中市中?柳川西路三段19? ,合法 營業,,,劉琍玲,"一般旅館, ,",52 間,1100 ~ 3600,,2006/5/1,,
199,帝寶大飯店(2星),De Bao Hotel ,帝寶大飯店,04 - 22273456 ,04 - 22270011 ,"臺中市中區柳川西路3段22號,3樓-1,4樓-1,5樓-1,6樓-1","No.22, Sec. 3, Liuchuan W. Rd., Central Dist., Taichung City 400, Taiwan (R.O.C.)",台中市中?柳川西路三段22?3~6F ,合法 營業,http://www.debaohotel.com.tw/,,王秀英,"商務旅館, ,",28 間,3600 ~ 7000,,2007/6/15,,3張(2014/09/05)
42,寶華商旅,Powa Hotel ,?華商旅,04 - 22231789 ,04 - 22237528 ,臺中市中區綠川西街135號2樓之1、123號8樓之1至12樓之1,"8-12F.-1, No.123, Luchuan W. St., Central Dist., Taichung City 400, Taiwan (R.O.C.)",台中市中??川西街123?8F?1 ,合法 營業,http://www.powahotel.com.tw,powahotel@gmail.com,陳國華,"商務旅館,,",60 間,2000 ~ 4600,,2009/10/9,2009/7/20,
157,復興旅社,Revival Hostel ,?????????,04 - 22250227 ,? ,臺中市中區綠川東街72號,"No.72, Luchuan E. St., Central Dist., Taichung City 400, Taiwan (R.O.C.)",台中市中??川東街72? ,合法 營業,,,黃常雄,"一般旅館, ,",20 間,200 ~ 300,,2004/7/25,,
6,印象大飯店,IMAGE HOTEL ,印象大飯店,04 - 22233332 ,04 - 22233336 ,臺中市中區興中街93號,"No.93, Xingzhong St., Central Dist., Taichung City 400, Taiwan (R.O.C.)",台中市中?興中街93? ,合法 停業,,,莊麗紅,"一般旅館, ,",18 間,650 ~ 1080,,2004/1/15,,
84,玉山大旅社,玉山大旅社 ,玉山大旅社,04 - 22225068 ,04 - 22252108 ,臺中市中區興民街6-1號,玉山大旅社,台中市中?興民街6-1? ,合法 營業,,,賴俊雄,"一般旅館, ,",9 間,400 ~ 600,,2004/3/15,,
156,博奇大飯店,Palmer King Hotel ,博奇大飯店,04 - 22296151 ,04 - 22297101 ,臺中市中區雙十路1段5號,"No.5, Sec. 1, Shuangshi Rd., Central Dist., Taichung City 400, Taiwan (R.O.C.)",台中市中??十路一段5? ,合法 營業,,,高英然,"一般旅館, ,",112 間,1600 ~ 1800,,2005/11/15,,5張(2014/09/05)
293,星悅大飯店,Happy Star Hotel ,星悅大飯店,04 - 22292388 ,04 - 22296388 ,臺中市中區繼光街123號,"No.123, Jiguang St., Central Dist., Taichung City 400, Taiwan (R.O.C.)",台中市中?繼光街123? ,合法 營業,,www.happydstarhotel.com.tw,劉玲政,"一般旅館,,",39 間,2000 ~ 3000,繼光商圈，一中街商圈，台中公園，台中火車站,2012/3/29,,
317,薇米精品商旅,We Meet Boutique Hotel ,薇米精品????,04 - 22268811 ,04 - 22238811 ,"臺中市中區繼光街166號1樓,4樓之1,6樓之1","No.166, Jiguang St., Central Dist., Taichung City 400, Taiwan (R.O.C.)",台中市中??光街166?、166?4?之1、166?6?之1 ,合法 營業,,service@wemeethotel.com,沈勝煌,"一般旅館,商務旅館,,",58 間,1800 ~ 5800,,2013/12/9,2013/11/25,5張(2014/09/05)
127,第一旅社,FIRST HOTEL ,,04 - 22222205 ,? ,"臺中市中區繼光街51號1,3樓","No.51, Jiguang St., Central Dist., Taichung City 400, Taiwan (R.O.C.)",,合法 停業,,,陳浩清,"一般旅館, ,",10 間,300 ~ 400,,2006/9/11,,
191,龍城大旅社,龍城大旅社 ,龍城大旅社,04 - 22223569 ,? ,臺中市東區立德街13號,龍城大旅社,龍城大旅社 ,合法 營業,,,張添旺,"一般旅館, ,",14 間,500 ~ 750,,2006/10/31,,
136,國際旅社,國際旅社 ,國際旅社,04 - 22206712 ,? ,臺中市東區立德街31號,國際旅社,國際旅社 ,合法 營業,,,陳良嘉,"一般旅館, ,",18 間,300 ~ 450,,2004/4/26,,
2,東都大飯店,TONG TU HOTEL ,???????????,04 - 22222024 ,? ,臺中市東區立德街55號,"No.55, Lide St., East District, Taichung City",55?東?????????、台中、台? ,合法 營業,,,黃劉燕,"一般旅館, ,",55 間,510 ~ 1400,,2004/1/15,,
117,萬年旅社,WON NIAN HOTEL ,萬年旅社,04 - 22244169 ,? ,臺中市東區立德街58號,"No.58, Lide St., East District, Taichung City 401, Taiwan (R.O.C.)",萬年旅社 ,合法 營業,,,羅瑞生,"一般旅館, ,",27 間,550 ~ 840,,2004/3/25,,
21,怡達汽車旅館,EUSTA MOTEL ,怡達汽車旅館,04 - 22111355 ,04 - 22111329 ,臺中市東區旱溪東路1段429號,"No.429, Sec. 1, Hansi E. Rd., East District, Taichung City",台中市東?旱溪東路一段429? ,合法 營業,,,張家豪,"汽車旅館, ,",33 間,1580 ~ 2240,,2004/1/15,,5張(2014/09/05)
102,富苑汽車旅館,Rich One Motel ,富苑汽車旅館,04 - 22136699 ,04 - 22127998 ,臺中市東區旱溪街396號,"No.396, Hanxi St., East Dist., Taichung City 401, Taiwan (R.O.C.)",富苑汽車旅館 ,合法 營業,,,王神寶,"汽車旅館, ,",46 間,1560 ~ 2660,,2004/3/25,,3張(2014/09/05)
74,新羽旅?,SHIN YEU HOTEL ,新羽旅館,04 - 22250550 ,04 - 22210605 ,臺中市東區和平街142號,"No.142, Heping St., East District, Taichung City",台中市東?和平街142? ,合法 營業,,,邱金,"商務旅館, ,",40 間,780 ~ 1380,,2004/3/15,,
15,企業家大飯店,The Enterpriser Hotel ,企業家大飯店,04 - 22207733 ,04 - 22217540 ,"臺中市東區和平街160號1至4樓,158巷7號1至6樓","No.160, Hoping St., East District, Taichung City 401, Taiwan (R.O.C.)",台中市東?和平街160? ,合法 營業,http://www.gohotel.com.tw/aboutus.htm,service@gohotel.com.tw,郭秋榆,"商務旅館, ,",79 間,1300 ~ 2400,,2004/1/15,,5張(2014/09/04)
126,一福旅社,EI FU HOTEL ,一福旅社,04 - 22222819 ,? ,臺中市東區和平街95號,"No.95, Heping St., East District, Taichung City",台中市東?和平街95? ,合法 營業,,,陳政清,"一般旅館, ,",15 間,350 ~ 700,,2004/4/26,,
98,瑞君大飯店,Zaw-Jung Business Hotel ,瑞君大飯店???　???　???,04 - 22235838 ,04 - 22271269 ,臺中市東區復興路4段100號11-12樓,"11-12F., No.100, Sec. 4, Fuxing Rd., East Dist., Taichung City 401, Taiwan (R.O.C.)",台中市東?復興路四段100?11~12F ,合法 營業,,,蔡瑞華,"商務旅館, ,",27 間,800 ~ 1560,,2004/3/25,,5張(2014/09/05)
135,新驛旅店台中車站店,Cityinn Hotel - Taichung Station Branch ,驛旅店台中?店,04 - 22232333 ,04 - 22237333 ,臺中市東區復興路4段133號,"No.133, Sec. 4, Fuxing Rd., East Dist., Taichung City 401, Taiwan (R.O.C.)",台中市東?復興路4段133? ,合法 營業,,,戴彰紀,"一般旅館, ,",75 間,1600 ~ 3900,,2004/4/26,,
121,米卡沙旅店,Hotel Mi Casa ,米卡沙旅店,04 - 22295353 ,04 - 22228350 ,臺中市東區復興路4段149巷5弄8號,"No.8, Aly. 5, Ln. 149, Sec. 4, Fuxing Rd., East Dist., Taichung City 401, Taiwan (R.O.C.)",台中市東?復興路四段149巷5弄8? ,合法 營業,http://www.mi-casa.com.tw,hotel_mi_casa@yahoo.com.tw,王靜如,"一般旅館, ,",37 間,1350 ~ 7800,1.鄰近台中火車站後站 2.鄰近有20號倉庫、台中文化創意園區、新時代購物廣場、台中公園、一中街商圈、忠孝路夜市等景點,2004/4/26,,5張(2014/09/05)
16,雙星大飯店,Twinstar Hotel ,?星大飯店??????　???,04 - 22261811 ,04 - 22248346 ,臺中市東區復興路4段158號,"No.158, Sec. 4, Fusing Rd., East District, Taichung City 401, Taiwan (R.O.C.)",台中市東?復興路四段158? ,合法 營業,http://www.gohotel.com.tw,info@gohotel.com.tw,郭法田,"商務旅館, ,",104 間,2000 ~ 4000,,2004/1/15,,5張(2014/09/05)
12,雅典商務旅館,ATHENS HOTEL ,雅典商務旅館,04 - 23052370 ,04 - 23272378 ,臺中市西區大和路3號,"No.3, Dahe Rd., West District, Taichung City",台中市西?大和路3? ,合法 營業,,,陳勳宗,"商務旅館, ,",24 間,1080 ~ 1920,,2004/1/15,,3張(2014/09/03)
46,中港大飯店,Harbor Hotel ,中港大飯店????　???,04 - 22012181 ,04 - 22011414 ,臺中市西區中正路461號,"No.461, Zhongzheng Rd., West Dist., Taichung City 403, Taiwan (R.O.C.)",台中市西?中正路461? ,合法 營業,,,邱錦珠,"一般旅館, ,",121 間,1440 ~ 5880,,2004/2/15,,
304,伊麗莎白酒店,Hotel Elizabeth ,?????? ???,04 - 23296000 ,04 - 23295000 ,臺中市西區中美街471號3-9樓,"3-9F., No.471, Zhongmei St., West Dist., Taichung City 403, Taiwan (R.O.C.)",台中市西?中美街471? ,合法 營業,http://www.elizabeth-hotel.com.tw,info@elizabeth-hotel.com.tw,鄭美蘭,"一般旅館,,",47 間,2200 ~ 7500,,2013/2/8,2012/11/1,5張(2014/09/05)
294,城市商旅-臺中五權館,City Suites Taichung Wuquan ,城市商旅-臺中五權館,04 - 23729000 ,04 - 23752288 ,臺中市西區五權路1-23號,"No.1-23, Wuquan Rd., West Dist., Taichung City 403, Taiwan (R.O.C.)",台中市西?五權路1-23? ,合法 營業,http://www.citysuites.com.tw,reservation.tc@citysuites.com.tw,黃瑞容,"商務旅館,,",101 間,1800 ~ 7000,,2012/3/30,,1張(2014/09/05)
18,塔木德．五權館,Talmud Business Hotel-Wu Quan ,塔木德．五?館,04 - 22066611 ,04 - 22012196 ,臺中市西區五權路203號,"No.203, Wuquan Rd., West Dist., Taichung City 403, Taiwan (R.O.C.)",台中市西?五?路203? ,合法 營業,http://www.talmud.com.tw/,order.talmud@kimo.com,林文賢,"一般旅館, ,",52 間,1560 ~ 4720,交通資訊:公車有NO.5.57.81.83.86.87.88.101.107.146.106.150.路線 鄰近草悟道、自然科學博物館、一中商圈、中華路夜市等處。,2004/1/15,,5張(2014/09/05)
57,愛萊時尚旅館,AI-LAI FASHION HOTEL ,愛萊時尚旅館,04 - 23722161 ,04 - 23722165 ,臺中市西區五權路2-55號,"No.2-55, Wuquan Rd., West Dist., Taichung City 403, Taiwan (R.O.C.)",台中市西?五權路2-55? ,合法 營業,,,林學志,"一般旅館, ,",78 間,1200 ~ 3360,,2004/2/15,,5張(2014/09/05)
111,麗加園邸酒店,Li Chia Royal Garden Hotel ,麗加園邸酒店?　??　????,04 - 23057581 ,04 - 23057496 ,"臺中市西區公益路111號1-5樓及模範街37,39號1-5樓","No.111, Gongyi Rd., West Dist., Taichung City 403, Taiwan (R.O.C.)",台中市西?公益路111? ,合法 營業,,,鄭光廷,"商務旅館, ,",66 間,1800 ~ 3000,,2004/3/25,,3張(2014/09/05)
82,晶品大飯店,Jin Pin Hotel ,晶品大飯店??　??　???,04 - 23028008 ,04 - 23012330 ,臺中市西區向上路1段95號11-14樓,"11-14F., No.95, Sec. 1, Xiangshang Rd., West Dist., Taichung City 403, Taiwan (R.O.C.)",台中市西?向上路一段95?11~14F ,合法 營業,,,黃文?,"商務旅館, ,",51 間,2500 ~ 4000,,2004/3/15,,3張(2014/09/05)
28,香榭大飯店,CHAMPS HOTEL ,香榭大飯店?????　???,04 - 23221775 ,04 - 23227335 ,"臺中市西區西屯路一段173,175,175-1號","No.175, Sec. 1, Xitun Rd., West Dist., Taichung City 403, Taiwan (R.O.C.)",台中市西?西屯路一段173、175、175-1? ,合法 營業,,,林若玲,"商務旅館, ,",50 間,1200 ~ 2600,,2004/1/15,,
62,奧大利汽車旅館,Italy Motel ,奧大利汽車旅館,04 - 23780969 ,04 - 23780213 ,臺中市西區忠明南路206號,"No.206, Zhongming S. Rd., West Dist., Taichung City 403, Taiwan (R.O.C.)",台中市西?忠明南路206? ,合法 營業,,,王陳金雪,"汽車旅館, ,",41 間,3200 ~ 5200,,2004/2/25,,3張(2014/09/09)
321,十興商旅,Shi-Hsing Corporation ,十興開?株式有限?社,04 - 23025066 ,? ,臺中市西區忠明南路325、333號及325號2樓之1至2樓之8,"No.333, Zhongming S. Rd., West Dist., Taichung City 403, Taiwan (R.O.C.)",台中市西?忠明南路333番 ,合法 營業,,summerthotel@gmail.com,蕭宜佳,"一般旅館,,",21 間,1800 ~ 5500,,2014/4/1,2014/3/14,
309,承億文旅台中鳥日子(3星),Chanyee Hotelday Designer Hotels ,承億文旅??????????,04 - 23292266 ,04 - 23290560 ,臺中市西區忠明南路98號B2-7樓,"No.98, Zhongming S. Rd., West Dist., Taichung City 403, Taiwan (R.O.C.)",台中市西?忠明南路98? ,合法 營業,http://www.hotelday.com.tw,stella.Hung@Hotelday.com.tw,戴淑玲,"一般旅館,商務旅館,,",72 間,4500 ~ 7800,鄰近觀光景點:草悟道.科博館.美術館.秋紅谷,2013/7/3,,
189,昭盛52行館,52 Hotel ,52 Hotel,04 - 23175000 ,04 - 23175001 ,臺中市西區忠明路52號,"No.52, Zhongming Rd., West Dist., Taichung City 403, Taiwan (R.O.C.)",台中市西?忠明路52號 ,合法 營業,http://www.52hotel.com.tw,service@52hotel.com.tw,賴忠星,"商務旅館, ,",124 間,4000 ~ 8000,,2006/6/6,,5張(2014/09/09)
314,昭盛52行館（二館）,52 Hotel ,52 Hotel,04 - 23143188 ,04 - 23138997 ,臺中市西區忠明路54號1-8樓,"1-8F., No.54, Zhongming Rd., West Dist., Taichung City 403, Taiwan (R.O.C.)",台中市西?忠明路54號 ,合法 營業,http://www.52hotel.com.tw,service@52hotel.com.tw,賴忠明,"一般旅館,商務旅館,,",40 間,2500 ~ 6600,行館坐落臺中主要幹道－臺灣大道與忠明路交叉口，鄰近SOGO百貨及精明一街商圈，約10分鐘即可到達高速公路交流道。至臺中清泉崗機場約40分鐘車程。至臺中火車站約20分鐘車程。至高鐵烏日站約30分車程。鄰近SOGO百貨、精明一街露天咖啡街、新光三越百貨、科學博物館、台中美術館、逢甲夜市、Tiger City華納威秀影城。,2013/7/26,2013/5/24,5張(2014/09/05)
328,寬廣酒店,Zhuyin Hotel ,寬廣酒店,04 - 22581559 ,? ,"臺中市西區美村路1段22號4樓之1至104,5樓之1至104","4-5F., No.22, Sec. 1, Meicun Rd., West Dist., Taichung City 403, Taiwan (R.O.C.)",台中市西?美村路1段22?4-5樓 ,合法 營業,,,葉耕誦,"一般旅館,,",57 間,2000 ~ 11200,位於市中心，鄰近台中自然科學博物館、國立台灣美術館及秋紅谷生態公園，附近有百貨公司、巴士及客運轉運站,2014/7/4,,
33,美之旅大飯店,Love Trip Hotel ,美之旅大飯店??　????　???,04 - 23024330 ,04 - 23215985 ,"臺中市西區美村路1段269號1,3-7樓","No.269, Sec. 1, Meicun Rd., West Dist., Taichung City 403, Taiwan (R.O.C.)",台中市西?美村路1段269? ,合法 營業,,,張泳富,"一般旅館, ,",60 間,1100 ~ 1870,,2004/2/15,,
331,馥格堡酒店,Fu Ge Bao Hotel ,馥格堡酒店,04 - 22591229 ,? ,臺中市西區美村路一段22號3樓之1至3樓之111,"3F., No.22, Sec. 1, Meicun Rd., West Dist., Taichung City 403, Taiwan (R.O.C.)",台中市西?美村路一段22?3樓 ,合法 營業,,,周月煌,"一般旅館,,",41 間,2000 ~ 9800,位於市中心、鄰近台中自然科學博物館、國立臺灣美術館及秋紅谷生態公園，附近有百貨公司、巴士及客運轉運站,2014/9/5,2014/6/4,
192,亞緻大飯店(5星),Hotel One ,?緻大飯店,04 - 23031234 ,04 - 37026666 ,"臺中市西區英才路530,532號1樓,530號24樓之1,25樓,27,30至44樓","No.532, Yingcai Rd., West Dist., Taichung City 403, Taiwan (R.O.C.)","台中市西?英才路530,532? 1F ",合法 營業,http://taichung.hotelone.com.tw/chinese-trad/,service@hotelone.com.tw,周賴秀端,"商務旅館, ,",202 間,9000 ~ 75000,,2006/10/30,,3張(2014/09/09)
30,金典商旅,The Splendor Hotel ,金典商旅,04 - 23288000 ,04 - 23246104 ,臺中市西區健行路1049號17樓及19樓等32戶,"17F., No.1049, Jianxing Rd., West Dist., Taichung City 403, Taiwan (R.O.C.)",台中市西?健行路1049?17F、19F ,合法 營業,,hotelmail@splendor-taichung.com.tw,王俊賢,"商務旅館, ,",29 間,5200 ~ 11000,40分鐘車程到台中機場，15分鐘車程到台中火車站，近科博館、植物園、SOGO百貨等洽商、購物及休閒娛樂中心,2010/11/12,,
108,漢彌敦大飯店(2星),HAMILTON HOTEL TAICHUNG ,-,04 - 23027890 ,04 - 23016600 ,臺中市西區華美街303-1號,"No.303-1, Huamei St., West District, Taichung City",- ,合法 營業,,,劉乃欣,"一般旅館, ,",46 間,2200 ~ 3500,,2004/3/25,,
308,皇家季節酒店台中館,Royal Seasons Hotel Taichung ,?????－??????,04 - 22052828 ,04 - 22059191 ,臺中市西區臺灣大道二段68號B3-13樓,"No.68, Sec. 2, Taiwan Blvd., West Dist., Taichung City 403, Taiwan (R.O.C.)",台中市西?台灣大道二段68? ,合法 營業,http://www.royalseasons.com,rsvn.tc.zk@royalseasons.com,方素蝶,"一般旅館,商務旅館,,",107 間,2520 ~ 7500,,2013/5/21,,
116,台中品商務旅館,台中品商務旅館 ,台中品商務旅館,04 - 22060591 ,04 - 24739590 ,臺中市西區篤信街26號,台中品商務旅館,台中品商務旅館 ,合法 營業,,,穆靜強,"商務旅館, ,",20 間,1980 ~ 1980,,2008/6/25,,5張(2014/09/05)
176,富比多賓館,FU PIDUO HOTEL ,富比多賓館,04 - 22203145 ,? ,"臺中市南區正義街41號1,3-7樓","No.41, Jhengyi St., South District, Taichung City",台中市南?正義街41? ,合法 營業,,,張洳菁,"一般旅館, ,",30 間,800 ~ 1300,,2005/6/29,,
173,黎閣旅館,LIGER HOTEL ,黎閣旅館,04 - 22851373 ,04 - 22854575 ,臺中市南區忠孝路150號,"No.150, Zhongxiao Rd., South Dist., Taichung City 402, Taiwan (R.O.C.)",台中市南?忠孝路150? ,合法 營業,,,劉維澤,"一般旅館, ,",27 間,880 ~ 1300,,2005/5/16,,3張(2014/08/15)
140,富帝大飯店(1星),Fu Di Hotel ,富帝大飯店,04 - 23726855 ,04 - 23731203 ,臺中市南區南屯路1段279號,"No.279, Sec. 1, Nantun Rd., South District, Taichung City",台中市南?南屯路一段279? ,合法 營業,http://www.fudihotel.com.tw/,service@fudihotel.com.tw,王黃香琴,"一般旅館, ,",42 間,990 ~ 2700,,2004/4/26,,3張(2014/09/05)
181,全一大飯店,CHAMPION HOTEL ,全一大飯店??????　???,04 - 22618618 ,04 - 22618621 ,臺中市南區復興路2段74-18號,"No.74-18, Sec. 2, Fusing Rd., South District, Taichung City",台中市南?復興路二段74-18? ,合法 營業,,,林?錦,"一般旅館, ,",65 間,700 ~ 1200,,2005/11/29,,
40,愛之船汽車旅館,Love Boat Commerce Motel ,愛?船汽車旅館??　???　????　???,04 - 22210788 ,04 - 22223039 ,臺中市南區復興路3段109巷1至25號,"No.1, Lane 109, Sec. 3, Fusing Rd., South District, Taichung City",台中市南?復興路三段109巷1? ,合法 營業,,,施志明,"汽車旅館, ,",30 間,1000 ~ 2520,,2004/2/15,,
4,鳳城大飯店,FENQ CHENG HOTEL ,鳳城大飯店??　???　???,04 - 22265188 ,04 - 22241772 ,臺中市南區復興路3段372號,"No.372, Sec. 3, Fusing Rd., South District, Taichung City",台中市南?復興路三段372? ,合法 營業,,,李坤銘,"商務旅館, ,",51 間,880 ~ 1860,,2004/1/15,,
182,春天國際旅館,Spring International motel ,春??際????,04 - 22638866 ,04 - 22638855 ,臺中市南區德祥街86號,"No.86, Dexiang St., South Dist., Taichung City 402, Taiwan (R.O.C.)",台中市南??祥街86? ,合法 營業,,,洪國華,"汽車旅館, ,",25 間,4980 ~ 7980,,2005/12/23,,3張(2014/09/09)
305,來來商旅,LAI LAI HOTEL ,來來商旅,04 - 22298282 ,04 - 22299090 ,"臺中市北區三民路三段125號B1,1,5,9樓","B1,1,5,9F., No.125, Sec. 3, Sanmin Rd., North Dist., Taichung City 404, Taiwan (R.O.C.)",台中市北?三民路三段125? ,合法 營業,http://www.lailaihotel.com.tw,,張宏杰,"一般旅館,商務旅館,,",74 間,2430 ~ 16800,,2013/3/19,2013/2/25,3張(2014/09/05)
90,北海大飯店,NORTH SEA HOTEL ,北海大飯店,04 - 22054161 ,04 - 22060150 ,臺中市北區大雅路184之4及之5號,"No.184-4, Daya Rd., North Dist., Taichung City 404, Taiwan (R.O.C.)",台中市北?大雅路184-5? ,合法 營業,,,陳陽輝,"一般旅館, ,",30 間,530 ~ 810,,2004/3/15,,3張(2014/09/09)
137,仁美時尚大飯店,Ren Mei Fashion Hotel ,仁美?????? ???,04 - 22080101 ,04 - 22084588 ,臺中市北區大雅路30號,"No.30, Daya Rd., North District, Taichung City 404, Taiwan (R.O.C.)",台?台中市北?大雅路30? ,合法 營業,,,葉寅森,"一般旅館, ,",48 間,2360 ~ 7800,,2004/4/26,,
43,簡愛汽車旅館,JANE EYRE MOTEL ,簡愛汽車旅館,04 - 22927878 ,04 - 22927799 ,臺中市北區山西路1段86號,"No.86, Sec. 1, Shanxi Rd., North Dist., Taichung City 404, Taiwan (R.O.C.)",台中市北?山西路一段86? ,合法 營業,,,方瑞堅,"汽車旅館, ,",33 間,1480 ~ 2680,,2004/2/15,,
100,高苑旅館(中山店),Kao Yuan Hotel (Jhongshan Store) ,高苑旅館(中山店),04 - 22298755 ,04 - 22298548 ,臺中市北區中山路444號及原子街20、22號,"No.444, Zhongshan Rd., North Dist., Taichung City 404, Taiwan (R.O.C.)",台中市北?中山路444? ,合法 營業,http://www.kaoyuan.com.tw,,高清貴,"商務旅館, ,",28 間,1500 ~ 5500,,2004/3/25,,3張(2014/09/05)
171,優勝美地汽車旅館中華會館,Yosemite Motel ,優勝美地汽車旅館中華會館,04 - 22051199 ,04 - 22075799 ,臺中市北區中華路2段197號,"No.197, Sec. 2, Zhonghua Rd., North Dist., Taichung City 404, Taiwan (R.O.C.)",優勝美地汽車旅館中華會館 ,合法 營業,,,鄭梅慧,"汽車旅館, ,",26 間,2480 ~ 9580,,2005/8/23,,
155,太吉利旅社,無 ,太吉利旅社,04 - 22018607 ,? ,臺中市北區五常街30號,無,台中市北?五常街30? ,合法 營業,,,劉澄清,"一般旅館, ,",22 間,500 ~ 800,,2004/4/26,,
143,金滿家大飯店,JIN MAN JIA HOTEL ,金滿家大飯店,04 - 22012526 ,04 - 22012556 ,臺中市北區五義街167號,"No.167, Wuyi St., North District, Taichung City 404, Taiwan (R.O.C.)",台中市北?五義街167? ,合法 營業,,,劉張繡鳳,"一般旅館, ,",35 間,900 ~ 1600,,2004/4/26,,
153,嘉濱大飯店,WASHINGTON HOTEL ,嘉濱大飯店,04 - 22022175 ,04 - 22022377 ,臺中市北區五權路276號,"No.276, Wuquan Rd., North Dist., Taichung City 404, Taiwan (R.O.C.)",台中市北?五?路276? ,合法 營業,,,劉嘉濠,"一般旅館, ,",48 間,790 ~ 1780,,2004/4/26,,3張(2014/09/05)
19,富豪國際大飯店,Hotel Regal International ,富豪?際???,04 - 22023990 ,04 - 22012490 ,臺中市北區五權路317號6-12樓,"1,6-12F., No.317, Wuquan Rd., North Dist., Taichung City 404, Taiwan (R.O.C.)",台中市北?五?路317?1、6~12F ,合法 營業,http://www.rhotel.com.tw,wu7733wu@hotmail.com,郭歆義,"商務旅館, ,",77 間,3000 ~ 8000,,2004/1/15,,
154,創意時尚旅店,i-Deal Hotel ,創意時尚旅店,04 - 22022666 ,04 - 22026182 ,臺中市北區五權路334號1至5樓,"1-5F., No.334, Wuquan Rd., North Dist., Taichung City 404, Taiwan (R.O.C.)",台中市北?五?路334?1~5F ,合法 營業,http://www.i-dealhotel.com/,service18@rate-inn.com,徐玉君,"一般旅館, ,",71 間,1580 ~ 5000,,2004/4/26,,5張(2014/09/05)
32,聯欣大飯店,LAN SHINE HOTEL ,聯欣大飯店,04 - 22024141 ,? ,臺中市北區五權路356號1-4樓,"1-4F., No.356, Wuquan Rd., North Dist., Taichung City 404, Taiwan (R.O.C.)",台中市北?五?路356?1~4F ,合法 營業,,,林秋貴,"一般旅館, ,",34 間,500 ~ 900,,2004/2/15,,
190,皇家大飯店,ROYAL HOTEL ,皇家大飯店,04 - 22013456 ,04 - 22029517 ,臺中市北區五權路377號8至11樓,"No.377, Wuquan Rd., North Dist., Taichung City 404, Taiwan (R.O.C.)",台中市北?五?路377?8~11F ,合法 營業,,,吳秋密,"商務旅館, ,",50 間,1800 ~ 4800,,2006/8/31,,3張(2014/09/05)
113,大陽大飯店,SUN HOTEL ,大陽大飯店,04 - 22013088 ,04 - 22025445 ,臺中市北區公園路188號9-10樓,"9-10F., No.188, Gongyuan Rd., North Dist., Taichung City 404, Taiwan (R.O.C.)",台中市北?公園路188?9~10F ,合法 營業,,,簡嬌娥,"一般旅館, ,",37 間,990 ~ 1950,,2004/3/25,,3張(2014/09/05)
51,金沙汽車旅館,Jin Sha Motel ,金沙汽車旅館,04 - 22083388 ,04 - 22086699 ,臺中市北區太平路201號,"No.201, Taiping Rd., North Dist., Taichung City 404, Taiwan (R.O.C.)",台中市北?太平路201? ,合法 營業,,,邱釗基,"汽車旅館, ,",33 間,4560 ~ 7760,,2004/2/15,,
327,塔木德•一中館,TALMUD Hotel ,塔木德•一中館,04 - 22277733 ,04 - 22272211 ,臺中市北區太平路22號3-7樓,"3F., No.22, Taiping Rd., North Dist., Taichung City 404, Taiwan (R.O.C.)",台中市北?太平路22?3F ,合法 營業,http://www.talmud.com.tw,talmud6@outlook.com,許武昭,"一般旅館,,",72 間,2400 ~ 6000,自台中火車站步行約15-20分鐘，車程5-10分鐘 近一中商圈、中華夜市、台中公園、中友百貨,2014/6/20,2014/4/22,
167,儷金商務旅館,REGENT BUSINESS HOTEL ,儷金商務旅館,04 - 22083916 ,? ,臺中市北區太原路1段520號,"No.520, Taiping Rd., North Dist., Taichung City 404, Taiwan (R.O.C.)",儷金商務旅館 ,合法 營業,,,張懷文,"商務旅館,,",52 間,1880 ~ 2660,,2005/1/27,,
147,優勝美地汽車旅館太原會館,Yosemite Motel Taiyuan Hall ,優勝美地汽車旅館太原會館,04 - 22963229 ,04 - 22963228 ,臺中市北區太原路2段3號,"No.3, Sec. 2, Taiyuan Rd., North Dist., Taichung City 404, Taiwan (R.O.C.)",台中市北?太原路二段3? ,合法 營業,,,鄭梅芬,"汽車旅館,,",27 間,2180 ~ 3680,,2004/4/26,,
179,夏都汽車旅館(2星),Xiadu Motel ,夏都汽車旅館,04 - 22367788 ,04 - 22362255 ,臺中市北區太原路2段68號,"No.68, Sec. 2, Taiyuan Rd., North Dist., Taichung City 404, Taiwan (R.O.C.)",台中市北?太原路二段68? ,合法 營業,http://www.xiadu.com.tw,xiadu-motel@yahoo.com.tw,黃美惠,"汽車旅館, ,",33 間,1880 ~ 5980,,2005/12/8,,3張(2014/09/09)
27,怡東商務旅館(2星),E-Tung Hotel ,怡東商務旅館?　??　???,04 - 22923578 ,04 - 22954576 ,臺中市北區文昌一街10號,"No.10, Wunchang 1st St., North District, Taichung City 404, Taiwan (R.O.C.)",台中市北?文昌一街10? ,合法 營業,http://www.etung.com.tw/,hotel.etung@msa.hinet.net,詹曉東,"商務旅館, ,",73 間,1300 ~ 9600,中清交流道下高速公路，沿中清路往市區方向行進，在中清路與文心路交叉口左轉，遇到第一個紅綠燈（青島路口）右轉，或山西路右轉，前進50公尺轉入文昌一街即可抵達,2004/1/15,,5張(2014/09/05)
150,蜜雪兒汽車旅館,Min Men Hotel ,????????,04 - 22986161 ,04 - 22986198 ,臺中市北區文昌東一街107號,"No.107, Wenchang E. 1st St., North Dist., Taichung City 404, Taiwan (R.O.C.)",第107?東?????·?????、台中文昌 ,合法 營業,,,謝青洋,"汽車旅館, ,",35 間,1280 ~ 2500,,2004/4/26,,3張(2014/09/05)
114,論情汽車旅館,RDEN CHING HOTEL ,論情汽車旅館,04 - 22326818 ,04 - 22326518 ,臺中市北區文昌東三街2-8號,"No.2-8, Wenchang E. 3rd St., North Dist., Taichung City 404, Taiwan (R.O.C.)",台中市北?文昌東三街2-8? ,合法 營業,,,張素貞,"汽車旅館, ,",27 間,1680 ~ 2880,,2004/3/25,,3張(2014/09/09)
87,香奈兒休閒旅館,channelmotel ,香奈兒????旅館,04 - 22970177 ,04 - 22970122 ,臺中市北區北平路1段2號,"No.2, Sec. 1, Beiping Rd., North Dist., Taichung City 404, Taiwan (R.O.C.)",台中市北?北平路一段2? ,合法 營業,,,紀林秀容,"休閒度假旅館,汽車旅館, ,",27 間,2180 ~ 2780,,2004/3/15,,3張(2014/09/05)
152,嘉豪大飯店,OLYMPIC HOTEL ,嘉豪大飯店?????　???,04 - 22212186 ,04 - 22212189 ,臺中市北區成功路437號,"No.437, Chenggong Rd., North District, Taichung City 404, Taiwan (R.O.C.)",台中市北?成功路437? ,合法 營業,,,劉源興,"一般旅館, ,",57 間,800 ~ 3300,,2004/4/26,,
96,東圓賓館,D.U. HOTEL ,東圓賓館,04 - 22270237 ,? ,"臺中市北區成功路443,443-1號均3-7樓","3-7F., No.443, Chenggong Rd., North District, Taichung City","台中市北?成功路443,443-1?3-7F ",合法 營業,,,蔡得源,"一般旅館, ,",48 間,500 ~ 1100,,2004/3/25,,3張(2014/09/05)
31,金座大飯店,CHIN TSO HOTEL ,金座大飯店,04 - 22020505 ,04 - 22020835 ,臺中市北區成功路469號,"No.469, Chenggong Rd., North District, Taichung City",台中市北?成功路469? ,合法 營業,,,余雁銓,"商務旅館, ,",30 間,960 ~ 1460,,2004/2/15,,3張(2014/09/05)
95,塔木德國際旅館,Talmud Business Hotel ,塔木德國際旅館,04 - 22066633 ,04 - 22067570 ,臺中市北區柳川西路4段1號10樓,"10F., No.1, Sec. 4, Liuchuan W. Rd., North Dist., Taichung City 404, Taiwan (R.O.C.)",台中市北?柳川西路4段1?10F ,合法 營業,http://www.talmud.com.tw,order.talmud@kimo.com,郭?雄,"一般旅館, ,",33 間,1360 ~ 3720,交通資訊:公車有 NO.81 .5 .131 路線 鄰近台中公園.中華夜市及一中購物商圈。,2004/3/25,,5張(2014/09/05)
291,塔木德˙公園館,Talmud Business Hotel-Gong ,塔木德˙公園館,04 - 23066633 ,04 - 22067570 ,臺中市北區柳川西路4段1號12樓1號、2號,"No.1, No.2, 12F., No.1, Sec.4, Liuchuan W. Rd. North Dist., Taichung City 404, Taiwan (R.O.C.)",台中市北?柳川西路4段1?12F ,合法 營業,http://www.talmud.com.tw,order.talmud@kimo.com,郭?雄,"一般旅館,,",31 間,1360 ~ 4320,交通資訊:公車有 NO.81 .5 .131 路線 鄰近台中公園.中華夜市及一中購物商圈。,2011/10/6,2011/5/24,5張(2014/09/05)
151,百老匯賓館,BROADWAY HOTEL ,百老匯賓館,04 - 22027979 ,? ,臺中市北區原子街127巷21-1號4樓,"4F., No.21-1, Lane 127, Yuanzih St., North District, Taichung City",台中市北?原子街127巷21-1?4F ,合法 營業,,,呂廖盆,"一般旅館, ,",7 間,800 ~ 1200,,2004/4/26,,
24,麗心汽車旅館,Li Hsin Motel ,麗心汽車旅館,04 - 22983377 ,04 - 22936798 ,臺中市北區陝西路117號,"No.117, Shansi Rd., North District, Taichung City",台中市北?陝西路117? ,合法 營業,,,王秋菊,"汽車旅館, ,",25 間,2040 ~ 3840,,2004/1/15,,3張(2014/09/05)
41,仁美商務飯店,Ren Mei Hotel ,仁美商務飯店,04 - 22082299 ,04 - 22062831 ,臺中市北區健行路585號,"No.585, Jianxing Rd., North Dist., Taichung City 404, Taiwan (R.O.C.)",台中市北?健行路585?1~7F ,合法 營業,,,葉耕誦,"一般旅館,商務旅館, ,",60 間,2160 ~ 9200,,2010/8/25,,5張(2014/09/05)
138,鹿王旅館,LUWANG HOSTEL ,鹿王旅館,04 - 22056871 ,04 - 22058260 ,臺中市北區健行路590號4-7樓,"4-7F., No.590, Jiansing Rd., North District, Taichung City",台中市北?健行路590?4~7F ,合法 營業,,,黃耀輝,"一般旅館, ,",32 間,900 ~ 1500,,2004/8/20,,
7,新福大商務飯店,SIN FU DA HOTEL ,新福大商務飯店??　?　?　???,04 - 22359311 ,04 - 22380484 ,臺中市北區崇德路1段647號,"No.647, Sec. 1, Chongde Rd., North District, Taichung City 404, Taiwan (R.O.C.)",台中市北?崇?路一段647? ,合法 營業,http://www.sinfu.com.tw,,林士盛,"商務旅館, ,",43 間,1260 ~ 2080,,2004/1/15,,3張(2014/09/03)
55,奇異果快捷旅店（逢甲）,KIWI EXPRESS HOTEL(Feng Chia) ,????????????,04 - 22927676 ,04 - 22955679 ,臺中市北區華美街2段312號,"No.312, Sec. 2, Huamei St., North District, Taichung City",台中市北?華美街二段312? ,合法 營業,http://www.rs-kiwihotel.com,service27@rate-inn.com,徐照雄,"商務旅館, ,",48 間,2500 ~ 5600,,2004/2/15,,
160,愛麗西施旅館,ALICE HOTEL ,AILI西市???,04 - 22300598 ,04 - 22381966 ,臺中市北區進化路632號,"No.632, Jinhua Rd., North Dist., Taichung City 404, Taiwan (R.O.C.)",第632北路、台中、台??進化 ,合法 營業,,,施政夫,"一般旅館, ,",30 間,1380 ~ 5000,,2004/9/25,,3張(2014/09/05)
198,沃夫汽車旅館,沃夫汽車旅館 ,沃夫汽車旅館,04 - 22926015 ,04 - 22925121 ,臺中市北區漢口路3段96之5號1、2樓,沃夫汽車旅館,沃夫汽車旅館 ,合法 營業,,,吳文龍,"汽車旅館, ,",20 間,1000 ~ 1400,,2007/4/12,,3張(2014/09/09)
303,馥品大飯店,FULL SPRING HOTEL ,??????????,04 - 22980080 ,04 - 22980090 ,臺中市北區漢口路四段86號B2-12樓,"B2-12F., No.86, Sec. 4, Hankou Rd., North Dist., Taichung City 404, Taiwan (R.O.C.)",台中市北?漢口路四段86? ,合法 營業,http://www.full-spring.com,service@full-spring.com,陳照美,"一般旅館,商務旅館,,",121 間,2500 ~ 8000,,2013/2/1,,
13,車王大飯店,KING CAR HOTEL ,車王大飯店???　??　???,04 - 22061515 ,04 - 22063965 ,"臺中市北區精武路590號,柳川東路4段13號6樓1-24,7樓1-24","1,2,6,7F., No.13, Sec. 4, Liuchuan E. Rd., North District, Taichung City 404, Taiwan (R.O.C.)",台中市北?精武路590? ,合法 營業,,,黃進益,"一般旅館, ,",48 間,960 ~ 2400,,2004/1/15,,
101,高苑旅館(中正店),Kao Yuan Hotel (Jhongjheng Store) ,高苑旅館(中正店)??　???　???,04 - 22261566 ,04 - 22261568 ,臺中市北區臺灣大道一段640號,"No.640, Sec. 1, Taiwan Blvd., North Dist., Taichung City 404, Taiwan (R.O.C.)",台中市北?臺灣大道一段640? ,合法 營業,http://www.kaoyuan.com.tw/b.htm,services@kaoyuan.com.tw,高清貴,"商務旅館, ,",40 間,2500 ~ 4200,座落於台中市鬧區，鄰近商圈、百貨公司ˋ觀光夜市ˋ辦公室，從高速公路直達只需10分鐘，南下北上往來交通便捷ˋ省時,2004/3/25,,3張(2014/09/05)
64,富比世大飯店,FORBEST HOTEL ,富比世大飯店,04 - 22059911 ,04 - 22059955 ,臺中市北區學士路181號B1-7樓,"B1-7F., No.181, Xueshi Rd., North Dist., Taichung City 404, Taiwan (R.O.C.)",台中市北?學士路181? ,合法 營業,,,簡豐年,"一般旅館, ,",76 間,960 ~ 1960,,2007/7/3,,3張(2014/09/05)
307,西悠飯店 台中店 CU HOTEL(3星),CU HOTEL TAICHUNG ,西悠???台中店,04 - 22035666 ,04 - 22056777 ,"臺中市北區賴村里進化北路427,429,431號","No.431, Jinhua N. Rd., North Dist., Taichung City 404, Taiwan (R.O.C.)",台中市北?進化北路427? ,合法 營業,http://www.toongmao.com.tw,tca@uniongo.com.tw,蔡進祥,"一般旅館,,",112 間,2100 ~ 8000,中清交流道，74快捷道路，新烏日高鐵站，台中火車站，科博館，大坑風景區，逢甲夜市，綠園道,2013/5/16,2013/4/19,
295,台中一中時尚商旅,Taichung One Chung Business Hotel ,台中一中時尚商旅,04 - 22371666 ,04 - 22371669 ,臺中市北區雙十路2段92號7-11樓,"7-11F., No.92, Sec. 2, Shuangshi Rd., North Dist., Taichung City 404, Taiwan (R.O.C.)",台中市北?雙十路2段92?7-11樓 ,合法 營業,http://www.t-onehotel.com.tw,service@t-onehotel.com.tw,陳富雄,"一般旅館,商務旅館,,",103 間,1600 ~ 5600,台中火車站出口右轉往建國路→雙十路一段→雙十路二段→即可抵達。 國道一號→下大雅交流道→往台中市區方向前進→中清路→健行路左轉→雙十路二段→即可抵達。 國道一號→下台中交流道→往台中市區方向，直行中港路→左轉健行路→直行至雙十路二段→即可抵達。 公車路線停靠站－監理站，可搭乘 ．仁友客運：１．２１．３１．１０５ ．台中客運：８．１４．１５．１６．１０２．１３２．１３６ 鄰近一中商圈、台中火車站、台中體育場、中友百貨、台中公園。,2012/6/14,,
10,成尼斯汽車旅館,A nice motel ,素敵?????,04 - 36026168 ,? ,臺中市西屯區上安路175號,"No. 175 Tun District, Taichung City on road safety",175?敦煌地?、台中市交通安全上? ,合法 營業,,,吳炫煥,"汽車旅館, ,",25 間,1600 ~ 3500,,2004/1/15,,
290,覓境行館(上安店)(2星),Seeking Motel ,探?????????（??·???上?）OK??????,04 - 24516777 ,04 - 27068777 ,臺中市西屯區上安路301號,"No.301, Shang an Rd., Xitun Dist., Taichung City 407, Taiwan (R.O.C.)",台中、??????台?301? ,合法 營業,,,朱柔如,"汽車旅館,,",20 間,2950 ~ 8100,,2011/9/14,,4張(2014/09/05)
17,立中大飯店,Li Chung Hotel ,立中大飯店?　???　???,04 - 23206129 ,04 - 23206187 ,臺中市西屯區大恩街38號,"No.38, Da-en St., Situn District, Taichung City",台中市西屯?大恩街38? ,合法 營業,,,賴清祥,"一般旅館, ,",54 間,1000 ~ 1900,,2004/1/15,,3張(2014/09/05)
195,麗都賓館,LIDO HOTEL ,麗都賓館,04 - 24250016 ,04 - 24258805 ,臺中市西屯區中康街81號,"No.81, Zhongkang St., Xitun Dist., Taichung City 407, Taiwan (R.O.C.)",麗都賓館 ,合法 營業,,,劉芝萍,"一般旅館, ,",20 間,900 ~ 1400,,2006/12/15,,
118,新明通旅館,HOTEL NEW MINTONG ,新明通旅館,04 - 23131201 ,04 - 23149822 ,臺中市西屯區太原路1段37號,"No.37, Sec. 1, Taiyuan Rd., Xitun Dist., Taichung City 407, Taiwan (R.O.C.)",台中市西屯?太原路一段37? ,合法 營業,,,曾碧桃,"一般旅館, ,",21 間,800 ~ 1500,,2004/3/25,,
11,富王大飯店,Ful Won Hotel ,富王大飯店?　??　???,04 - 23265463 ,04 - 23251163 ,臺中市西屯區文心路2段636-2號,"No.636-2, Sec. 2, Wenxin Rd., Xitun Dist., Taichung City 407, Taiwan (R.O.C.)",台中市西屯?文心路二段636-2? ,合法 營業,http://www.fulwon.com.tw/company.htm,fulwon@ms24.hinet.net,黃凱鈴,"商務旅館, ,",141 間,3080 ~ 6600,,2004/1/15,,3張(2014/09/03)
50,上豪大飯店,Grand Hotel ,上豪大飯店,04 - 23127766 ,04 - 23127711 ,臺中市西屯區文心路3段362號,"No.362, Sec. 3, Wenxin Rd., Xitun Dist., Taichung City 407, Taiwan (R.O.C.)",台中市西屯?文心路三段362? ,合法 營業,http://www.grandhotel.com.tw,htlgrand@ms32.hinet.net,林玉珠,"商務旅館, ,",32 間,1550 ~ 2550,,2004/2/15,,5張(2014/09/05)
26,文王大飯店,Wen Won Hotel ,文王大飯店??　??　???,04 - 23119832 ,04 - 23118837 ,臺中市西屯區文心路3段85號3-4樓,"3-4F., No.85, Sec. 3, Wenxin Rd., Xitun Dist., Taichung City 407, Taiwan (R.O.C.)",台中市西屯?文心路三段85?3~4F ,合法 營業,,wenwon9832@xuite.net,林吉財,"商務旅館, ,",109 間,1280 ~ 2880,,2004/1/15,,
161,文華道會?,In One City Inn ,?????,04 - 36026088 ,04 - 27086991 ,"臺中市西屯區文華路138巷31號,150巷52號3-8樓","No.31, Ln. 138, Wenhua Rd., Xitun Dist., Taichung City 407, Taiwan (R.O.C.)",138???31、150文化路、???敦煌地?、台中市、52?3-8 F ,合法 營業,http://www.inone.com.tw/main.html,,劉敏瑛,"一般旅館, ,",196 間,3000 ~ 7480,,2009/1/19,,
110,皇星商務大飯店,Huang Shin Business Hotel ,皇星商務大飯店???　??　????　???,04 - 27058258 ,04 - 22558255 ,臺中市西屯區台中港路2段122之29巷1弄8號,"No.8, Alley 1, Lane 122-29, Sec. 2, Taichung Port Rd., Situn District, Taichung City",台中市西屯?台中港路二段122?29巷1弄8? ,合法 營業,,,任添勗,"商務旅館, ,",40 間,1680 ~ 3480,,2004/3/25,,
47,鼎隆大飯店,TING-LUNG HOTEL ,鼎隆大飯店,04 - 27065411 ,04 - 27065422 ,臺中市西屯區台中港路2段124號,"No.124, Sec. 2, Taichung Port Rd., Xitun Dist., Taichung City 407, Taiwan (R.O.C.)",台中市西屯?台中港路二段124? ,合法 營業,,tl.hotel@msa.hinet.net,邱魁洲,"商務旅館, ,",30 間,2800 ~ 3360,,2004/2/15,,5張(2014/09/05)
139,心驛汽車旅館,心驛汽車旅館 ,心驛汽車旅館,04 - 22523399 ,04 - 22522489 ,臺中市西屯區台中港路二段119號,心驛汽車旅館,心驛汽車旅館 ,合法 營業,,classic@kingnet.net.tw,馮賀欽,"汽車旅館,,",40 間,1460 ~ 4500,,2011/8/18,,
165,春風休閒旅館,wehome ,春風休閒旅館,04 - 22558080 ,? ,臺中市西屯區市政北1路177號,"No.177, Shihjheng N. 1st Rd., Situn District, Taichung City",台中市西屯?市政北1路177? ,合法 營業,http://www.we-home.com.tw,,尤柄鈔,"汽車旅館, ,",33 間,2580 ~ 19800,,2005/1/5,,4張(2014/09/05)
169,波特曼汽車旅館,Portman Motel ,?????????,04 - 22542233 ,04 - 22542255 ,臺中市西屯區市政北七路188號,"Taichung, Taiwan, No. 188 North Seven Road Municipal",台中市西屯?市政北七路188? ,合法 營業,,,林太鴻,"商務旅館,汽車旅館, ,",45 間,2080 ~ 5180,,2005/7/4,,
170,悅萊汽車旅館,ENJOY MOTEL ,??汽車旅館,04 - 22597799 ,04 - 22597733 ,臺中市西屯區市政北七路192號,"No.192,Shihjheng N. 7th Rd.,Situn District,Taichung City 407,Taiwan(R.O.C.)",台中市西屯?市政北七路192? ,合法 營業,http://enjoy-motel.com.tw,enjoy.motel@msa.hinet.net,王偉杰,"汽車旅館, ,",30 間,2160 ~ 4700,,2005/8/23,,
172,沐夏汽車旅館,Boutique Motel ,沐夏汽車旅館,04 - 22547777 ,04 - 22555000 ,臺中市西屯區市政北七路279號,"No.279, Shizheng N. 7th Rd., Xitun Dist., Taichung City",台中市西屯?市政北七路279? ,合法 營業,http://www.moonshy.com.tw,y28399@yahoo.com.tw,紀水樹,"汽車旅館, ,",48 間,2380 ~ 5380,,2005/5/31,,
142,卞帝亞汽車旅館,Bian Tai Asia Motels ,?統太極拳???????,04 - 22586677 ,04 - 22582267 ,臺中市西屯區市政北二路51號,"Municipal No. 51 North Road, Taichung, Taiwan",市第51?北路、台中、台? ,合法 營業,,,林繡瑛,"汽車旅館, ,",21 間,1350 ~ 2500,,2004/4/26,,
174,沐蘭汽車旅館,MULAN VILLA MOTEL ,沐蘭汽車旅館,04 - 22527878 ,04 - 22528686 ,臺中市西屯區市政路245號,"No.245, Shizheng Rd., Xitun Dist., Taichung City 407, Taiwan (R.O.C.)",台中市西屯?市政路245? ,合法 營業,,,王秋菊,"汽車旅館, ,",45 間,3360 ~ 10600,,2005/7/4,,
302,悅棧酒店,mirage Hotel ,悅棧酒店,04 - 22583955 ,04 - 22586355 ,臺中市西屯區市政路480號8至10樓,"8-10F., No.480, Shizheng Rd., Xitun Dist., Taichung City 407, Taiwan (R.O.C.)",台中市西屯區市政路480?8至10F ,合法 營業,http://www.aceclubhouse-tw.com,rv@aceclubhouse-tw.com,蔡政學,"一般旅館,,",67 間,9680 ~ 21780,,2012/11/21,,5張(2014/09/05)
68,左岸汽車旅館,Paris Motel ,左岸汽車旅館,04 - 22559599 ,04 - 22559508 ,臺中市西屯區市政路533號,"No.533, Shihjheng Rd., Situn District, Taichung City",台中市西屯?市政路533? ,合法 營業,,,葉俊?,"汽車旅館, ,",31 間,1200 ~ 8000,,2004/2/25,,
300,日月千禧酒店,Millennium Vee Hotel Taichung ,日月千禧酒店???????????台中,04 - 23112178 ,04 - 23113445 ,臺中市西屯區市政路77號,"No.77, Shizheng Rd., Xitun Dist., Taichung City 407, Taiwan (R.O.C.)",台中市西屯?市政路77? ,合法 營業,http://www.millenniumtaichung.com,sales@millenniumtaichung.com,賴富源,"一般旅館,商務旅館,,",237 間,12000 ~ 118000,0.8-3公里即可抵達臺中市政府、大遠百、新光三越以及主要商業金融中心，5-8公里直達臺中科學園區、臺中機場、逢甲夜市、精明商圈、台中州際棒球場、高速公路及高鐵,2012/9/27,,5張(2014/09/05)
197,黎客商務旅館,Le Parker ,黎客商務旅館,04 - 24523456 ,04 - 24521256 ,"臺中市西屯區至善路234巷2號,16號,12號2至7樓","No.16, Ln. 234, Zhishan Rd., Xitun Dist., Taichung City 407, Taiwan (R.O.C.)",黎客商務旅館 ,合法 營業,http://www.leparker-hotel.com.tw/,Leparker@mail.nethotel.com.tw,林憲治,"商務旅館,,",78 間,3300 ~ 5720,,2006/12/29,,3張(2014/09/05)
306,塔木德－原德館,YUAN DE HOTEL ,塔木德－原德館,04 - 23133888 ,04 - 23117555 ,臺中市西屯區西屯路二段200號,"No.200, Sec. 2, Xitun Rd., Xitun Dist., Taichung City 407, Taiwan (R.O.C.)",台中市西屯區西屯路2段200號 ,合法 營業,http://www.talmud.com.tw/,service@yuandehotel.com,林文賢,"一般旅館,商務旅館,,",98 間,2000 ~ 7800,,2013/3/27,2012/12/24,
324,LA VIDA HOTEL 逢甲商旅,LA VIDA HOTEL ,逢甲商旅,04 - 24515916 ,04 - 24515911 ,臺中市西屯區西屯路二段275之2號,"No.275-2, Sec. 2, Xitun Rd., Xitun Dist., Taichung City 407, Taiwan (R.O.C.)",台中市西屯?西屯路2段275-2? ,合法 營業,,,王秀英,"一般旅館,,",114 間,2800 ~ 5880,鄰近逢甲夜市商圈、高鐵烏日站、秋紅谷、國道一號交流道、中彰快速道路等,2014/4/9,2014/3/17,
67,永豐棧酒店(大墩店)(5星),TEMPUS HOTEL TAICHUNG ,永豊棧酒店? ???? ?????,04 - 23230778 ,04 - 23255792 ,臺中市西屯區何南里大墩二十街37號,"No.37, Dadun 20th St., Xitun Dist., Taichung City 407, Taiwan (R.O.C.)",台中市西屯?大墩20街37? ,合法 營業,,tempus@tempus.com.tw,陳榆鈞,"商務旅館,,",84 間,3000 ~ 7700,,2011/5/12,,
164,沙夏汽車旅館(2星),沙夏汽車旅館 ,沙夏汽車旅館,04 - 22527638 ,04 - 22553697 ,臺中市西屯區河南路4段49號,沙夏汽車旅館,沙夏汽車旅館 ,合法 營業,,,黃欽堡,"汽車旅館, ,",25 間,1880 ~ 8100,,2004/11/5,,
313,水雲端旗艦概念旅館（精品商務館）,ICLOUD LUXURY RESORT&HOTEL ,水雲端 ?????,04 - 24525678 ,04 - 24522239 ,臺中市西屯區青海南街159號,"No.159, Qinghai S. St., Xitun Dist., Taichung City 407, Taiwan (R.O.C.)",台中市西屯?青海南街159? ,合法 營業,http://icloudhotel.com.tw,,紀炎福,"一般旅館,商務旅館,,",54 間,3860 ~ 25960,,2013/7/9,2013/5/1,
105,覓境行館(2星),Seeking Motel ,覓境行館,04 - 24516777 ,04 - 27068777 ,臺中市西屯區青海南街98號,"No.98, Qinghai S.ST., Xitun Dist., Taichung City 407, Taiwan(R.O.C)",覓境行館 ,合法 營業,http://www.seekingmotel.com.tw,,朱柔如,"汽車旅館,,",45 間,5500 ~ 39000,"鄰近新光三月百貨公司.大遠百百貨公司.台中世貿展館.東海商圈.逢甲商圈.高鐵接駁站.中山高中港交流道,交通便利滿足大眾旅遊.購物.洽公需求 本旅館位於台中中港交流道下,醒目白色外牆.紅色斜屋瓦,棕梠束隨風搖曳~~一座充滿城市休閒渡假風的建築物,是人們尋尋覓覓的人間仙境-""覓境行館""讓您不用出國,不用開車遠離城市,就能慢活享受休閒渡假",2011/7/1,,5張(2014/09/05)
196,拓程商務旅館,The Galerie Hotel ,拓程商旅,04 - 27089000 ,04 - 27089002 ,臺中市西屯區青海路2段242之33號,"No.242-33, Sec. 2, Qinghai Rd., Xitun Dist., Taichung City 407, Taiwan (R.O.C.)",台中市西屯?青海路2段242-33? ,合法 營業,http://www.thegaleriehotel.com,service@thegaleriehotel.com,吳瑾南,"商務旅館, ,",90 間,2700 ~ 6900,,2006/12/22,,
3,樺品居MOTEL,huapinju motel ,樺品居MOTEL,04 - 22519393 ,04 - 22519292 ,臺中市西屯區政和路8號,"No.8, Zhenghe Rd., Xitun Dist., Taichung City 407, Taiwan (R.O.C.)",台中市西屯?政和路8? ,合法 營業,,,黃明鑫,"汽車旅館, ,",28 間,1980 ~ 3980,,2004/1/15,,5張(2014/09/03)
97,歐風商旅(2星),All Fun Business Hotel ,歐風商旅,04 - 22599299 ,04 - 22599268 ,臺中市西屯區惠民路199號1-4樓,"No.199, Huimin Rd., Xitun Dist., Taichung City 407, Taiwan (R.O.C.)",台中市西屯?惠民路199?1~4F ,合法 營業,,,何信蒼,"商務旅館, ,",36 間,2300 ~ 4500,,2004/3/25,,5張(2014/09/05)
48,簡之愛汽車旅館,JANE EYRE MOTEL ,簡之愛汽車旅館,04 - 22533322 ,? ,臺中市西屯區惠來路2段60號,"No.60, Sec. 2, Huilai Rd., Xitun Dist., Taichung City 407, Taiwan (R.O.C.)",台中市西屯?惠來路二段60? ,合法 營業,,,何淑卿,"商務旅館,汽車旅館, ,",25 間,1350 ~ 3480,,2004/2/15,,
183,璽朵汽車旅館,CHATEAUCO MOTEL ,璽?汽車旅館,04 - 22587789 ,04 - 22598686 ,臺中市西屯區朝馬二街46號,"No.46, Chaoma 2nd St., Xitun Dist., Taichung City 407, Taiwan (R.O.C.)",台中市西屯?朝馬二街46? ,合法 營業,http://www.chateauco.com.tw,chateauco@yahoo.com.tw,陳洽湖,"汽車旅館, ,",25 間,2600 ~ 9980,,2005/12/22,,
187,天月人文休閒旅館,天月人文休閒旅館 ,天月人文????旅館,04 - 22582000 ,04 - 22582656 ,臺中市西屯區朝馬三街18號,天月人文休閒旅館,台中市西屯?朝馬三街18? ,合法 營業,http://www.moonlightmotel.com.tw,,張景?,"汽車旅館, ,",26 間,6800 ~ 12800,,2006/5/30,,
146,凱怡商務旅館,Kai Yi Hotel ,凱怡商務旅館,04 - 22555633 ,04 - 22596326 ,臺中市西屯區朝馬路21號,"No.21, Chaoma Rd., Xitun Dist., Taichung City 407, Taiwan (R.O.C.)",台中市西屯?朝馬路21? ,合法 營業,,,趙念平,"商務旅館,汽車旅館, ,",48 間,1800 ~ 6880,秋紅谷、新光三越百貨、大遠百、老虎城、逢甲、工業區,2004/4/26,,5張(2014/09/05)
329,默砌旅店,Hotel Cube ,???　????,04 - 24528863 ,04 - 24529963 ,臺中市西屯區漢翔北街51號2樓之1、2樓之2、3樓之1、3樓之2、4樓之1、4樓之2、5樓之1、5樓之2、6樓之1、6樓之2、7樓之1、7樓之2,"No.51, Hanxiang N. St., Xitun Dist., Taichung City 407, Taiwan (R.O.C.)",台中市西屯??漢翔北街?51番 ,合法 營業,http://www.hotelcubes.biz,service@hotelcubes.biz,林國旭,"一般旅館,商務旅館,,",54 間,2500 ~ 5600,逢甲夜市、秋紅谷,2014/8/8,2014/5/13,
316,知客商旅,KUN HOTEL ,知客商旅,04 - 24517333 ,04 - 24517711 ,臺中市西屯區福星北三街33巷56號,"No.56, Ln. 33, Fuxing N. 3rd St., Xitun Dist., Taichung City 407, Taiwan (R.O.C.)",台中市西屯?福星北三街33巷56? ,合法 營業,http://www.kun-taichung.com.tw,kuntaichung@gmail.com,陳坤全,"商務旅館,,",47 間,5000 ~ 8800,,2013/11/25,2013/9/27,
320,時光對白旅棧,story hotel ,時光對白旅棧,04 - 24018173 ,? ,臺中市西屯區福星北三街35號,"No.35, Fuxing N. 3rd St., Xitun Dist., Taichung City 407, Taiwan (R.O.C.)",台中市西屯?福星北三街35? ,合法 營業,,,廖志淋,"一般旅館,,",22 間,3800 ~ 5100,,2014/3/21,,
318,星享道酒店,INSKY HOTEL ,星享道酒店,04 - 27062208 ,? ,臺中市西屯區福星北路18號,"No.18, Fuxing N. Rd., Xitun Dist., Taichung City 407, Taiwan (R.O.C.)",台中市西屯?福星北路18? ,合法 營業,http://www.inskyhotel.com/,,劉敏瑛,"一般旅館,,",86 間,2640 ~ 12800,鄰近逢甲夜市商圈，近高鐵烏日站、秋紅谷、國道一高交流道、中彰快速道路等，距離台中火車站約20分鐘車程,2014/3/10,2014/1/28,
323,7 HOTEL,hotel se7en fuxin ,7 HOTEL,04 - 27066667 ,04 - 27065977 ,臺中市西屯區福星北路45號,"No.45, Fuxing N. Rd., Xitun Dist., Taichung City 407, Taiwan (R.O.C.)",台中市西屯?福星北路45? ,合法 營業,,,賴忠星,"商務旅館,,",56 間,5500 ~ 6000,鄰近逢甲商圈，近高鐵烏日站、秋紅谷、國道一高交流道、中彰快速道路等，距離台中火車站約20分鐘車程,2014/4/2,,
14,碧根行館,BEACON HOTEL ,碧根行館,04 - 24515828 ,04 - 24511670 ,臺中市西屯區福星路427號1-11樓,"1-11F., No.427, Fuxing Rd., Xitun Dist., Taichung City 407, Taiwan (R.O.C.)",台中市西屯?福星路427? ,合法 營業,http://www.beacon-hotel.com.tw/,,林憲坤,"商務旅館, ,",130 間,2800 ~ 5400,,2008/5/5,,4張(2014/09/04)
99,永豐棧酒店(5星),TEMPUS HOTEL TAICHUNG ,永豊棧酒店? ???? ?????,04 - 23268008 ,04 - 23268060 ,"臺中市西屯區臺灣大道二段689號B1-1至-3及9-12樓,東興路3段407號,409號2樓-1至13樓-20","No.689, Sec. 2, Taiwan Blvd., Xitun Dist., Taichung City 407, Taiwan (R.O.C.)","台中市西屯?台中港路二段9?B1-3,9-12F ",合法 營業,http://www.tempus.com.tw,tempus@tempus.com.tw,楊士弘,"商務旅館, ,",250 間,8200 ~ 50000,,2004/9/10,,3張(2014/09/05)
200,台中商務旅館,THE HUNG’’S MANSION HOTEL Taichung ,HUNG’’S MANSION台中商旅 HOTEL,04 - 22556688 ,04 - 22522522 ,臺中市西屯區臺灣大道三段593號,"No.177, Sec. 2, Taichung Port Rd., Situn District, Taichung City 407, Taiwan (R.O.C.)",台中市西?台灣大道三段593? ,合法 營業,http://www.hungsmansion.com,customer@hungsmansion.com,洪嘉穗,"商務旅館, ,",101 間,4675 ~ 12000,,2008/9/8,,3張(2014/09/05)
330,都樂旅館,Dou Le hotel ,都樂旅館,04 - 24623322 ,04 - 24623300 ,臺中市西屯區臺灣大道四段458號,"No.458, Sec. 4, Taiwan Blvd., Xitun Dist., Taichung City 407, Taiwan (R.O.C.)",台中市西屯?台灣大道四段458? ,合法 營業,,,黃麗菊,"汽車旅館,,",29 間,2880 ~ 16800,,2014/9/5,2014/7/9,
63,台中之星汽車旅館,Motel Stars ,臺中?星汽車旅館,04 - 24512888 ,? ,臺中市西屯區黎明路3段388號,"388,Sec3,Liming Rd,Xitun Dist,Taichung City 407,Taiwan(R.O.C)",台中市西屯?黎明路三段388? ,合法 營業,,,洪嘉穗,"汽車旅館,,",39 間,2280 ~ 9800,,2011/3/25,,
312,水雲端旗艦概念旅館（旗艦主題館）,ICLOUD LUXURY RESORT&HOTEL ,水雲端 ?????,04 - 24525678 ,04 - 24522239 ,臺中市西屯區環中路二段1565號,"No.1565, Sec. 2, Huanzhong Rd., Xitun Dist., Taichung City 407, Taiwan (R.O.C.)",台中市西屯?環中路二段1565? ,合法 營業,http://icloudhotel.com.tw,,紀炎福,"一般旅館,汽車旅館,,",41 間,3760 ~ 25960,,2013/7/9,2013/5/13,
83,蘭夏精品旅館,lanxia motel ,蘭夏會館,04 - 22548181 ,04 - 22519898 ,臺中市南屯區大墩11街333號,"No.333, Dadun 11th St., Nantun District, Taichung City",台中市南屯?大墩11街333? ,合法 營業,http://www.lanxia.com.tw,lanshymotel@yahoo.com.tw,紀陳桂香,"汽車旅館, ,",45 間,1800 ~ 8880,,2007/10/26,,
54,湖水岸汽車旅館,Sunshine Motel ,湖水岸汽車旅館,04 - 22582666 ,04 - 22582686 ,臺中市南屯區大墩11街357號,"No.357, Dadun 11th St., Nantun District, Taichung City 408, Taiwan (R.O.C.)",台中市南屯?大墩十一街357? ,合法 營業,,,王秋菊,"汽車旅館, ,",32 間,2460 ~ 6200,,2004/2/15,,3張(2014/09/09)
94,緣橋汽車旅館,YUAN CHYAU MOTEL ,緣橋汽車旅館,04 - 22521868 ,04 - 22519951 ,臺中市南屯區大墩11街433號,"No.433, Dadun 11th St., Nantun Dist., Taichung City 408, Taiwan (R.O.C.)",緣橋汽車旅館 ,合法 營業,,,葉?鳳,"汽車旅館, ,",47 間,1280 ~ 2380,,2004/3/25,,2張(2014/09/05)
22,新天地汽車旅館,Plaza Motel ,???????,04 - 23806688 ,04 - 23806655 ,臺中市南屯區大墩四街380號,"Dadun Nantun District, Taichung City 380 Fourth Street",Dadun Nantun地?、台中市380????????? ,合法 營業,,,吳美雲,"汽車旅館, ,",23 間,4760 ~ 7980,,2004/1/15,,
168,蘭那汽車旅館,Lana Motel ,蘭那汽車旅館,04 - 24733938 ,04 - 24732918 ,臺中市南屯區大墩南路427號,"No.427, Dadun S. Rd., Nantun Dist., Taichung City 408, Taiwan (R.O.C.)",蘭那汽車旅館 ,合法 營業,,,林淑惠,"汽車旅館, ,",35 間,1800 ~ 4760,,2005/10/27,,3張(2014/09/05)
194,喜佳美商務飯店,SHI CHIA MEI HOTEL ,喜佳美商務飯店,04 - 24736969 ,04 - 24725756 ,臺中市南屯區大墩路329號,"No.329, Dadun Rd., Nantun Dist., Taichung City 408, Taiwan (R.O.C.)",喜佳美商務飯店 ,合法 營業,,,謝東波,"一般旅館, ,",58 間,1350 ~ 2340,,2006/12/8,,3張(2014/09/05)
69,天閣酒店台中,THE Tango HOTEL（TaiChung） ,THE Tango天閣酒店,04 - 23200000 ,04 - 23280066 ,臺中市南屯區大墩路525號,"No.525, Dadun Rd., Nantun District, Taichung City 408, Taiwan (R.O.C.)",台中市南屯?大墩路525? ,合法 營業,http://www.tango-hotels.com,,柯孫正,"商務旅館, ,",124 間,6000 ~ 9200,鄰近中港商圈、高速公路、新市政中心及台中高鐵站,2006/3/9,,3張(2014/09/05)
163,竹林雅緻商務汽車旅館,Refinement Motel ,竹林雅緻商務汽車旅館,04 - 23802399 ,04 - 23850510 ,臺中市南屯區大觀路19巷20號,"No.20, Lane 19, Daguan Rd., Nantun District, Taichung City",台中市南屯?大?路19巷20? ,合法 營業,,,紀竹林,"商務旅館,汽車旅館, ,",31 間,1880 ~ 4280,,2004/11/5,,3張(2014/09/05)
148,米奇汽車旅館,MICKY MOTEL ,米奇汽車旅館,04 - 23869966 ,? ,臺中市南屯區五權西路2段855號,"No.855, Sec. 2, Wucyuan W. Rd., Nantun District, Taichung City",台中市南屯?五?西路二段855? ,合法 營業,,,劉明嘉,"汽車旅館, ,",47 間,1350 ~ 2100,,2004/4/26,,
322,鳳凰商旅,Phoenix Longstay Hotel ,鳳凰商旅,04 - 22510937 ,04 - 22513379 ,臺中市南屯區公益路二段411號,"No.411, Sec. 2, Gongyi Rd., Nantun Dist., Taichung City 408, Taiwan (R.O.C.)",台中市南屯區公益路二段411號 ,合法 營業,,,何淑媛,"一般旅館,商務旅館,汽車旅館,,",23 間,4950 ~ 7250,逢甲夜市、科學博物館,2014/4/1,2014/3/12,5張(2014/09/05)
131,歐悅精品汽車旅館-台中館(3星),OHYA Boutique Motel ,歐悅MOTEL,04 - 24727711 ,04 - 24730033 ,臺中市南屯區文心南路98號,"No.98, Wenxin S. Rd., Nantun Dist., Taichung City 408, Taiwan (R.O.C.)",台中市南屯區文心南路98號 ,合法 營業,,service@ohyamotel.com,林豊彥,"汽車旅館,,",40 間,2700 ~ 13800,,2009/12/8,,4張(2014/09/09)
299,涵館汽車旅館(2星),Han Guan motel ,館?????????含???,04 - 23832188 ,04 - 23809963 ,臺中市南屯區田心北三巷1弄59號,"No.59,Aly.1,Tianxin N.3rd Ln.,Nantun Dist.,Taichung City 408,Taiwan(R.O.C.)",台中市?南屯??田心?北?3坑道?59番?????? ,合法 營業,http://hanguan-motel.com,hanguanmotel@gmail.com,吳美雲,"汽車旅館,,",45 間,1880 ~ 12280,望高寮，高鐵站，臺中文心公園,2012/8/14,,4張(2014/09/05)
180,悅豪汽車旅館,悅豪汽車旅館 ,?豪汽車旅館,04 - 22583366 ,04 - 22517771 ,臺中市南屯區惠中路3段83號,悅豪汽車旅館,台中市南屯?惠中路三段83? ,合法 營業,,,紀歐淑貞,"汽車旅館, ,",44 間,1980 ~ 6560,,2005/11/25,,
59,君鈦大飯店,ESQUIRE HOTEL ,君鈦大飯店,04 - 22968600 ,04 - 22950036 ,"臺中市北屯區大連路1段278,278-1至-6號","No.278, Sec. 1, Dalian Rd., Beitun Dist., Taichung City 406, Taiwan (R.O.C.)","大連路1段278,278-1至-6號 ",合法 營業,,esqhtl@yahoo.com.tw,王秋燕,"商務旅館, ,",75 間,1680 ~ 3600,,2004/2/15,,5張(2014/09/09)
29,北一賓館,PEIEI HOTEL ,北一賓館,04 - 22334787 ,? ,臺中市北屯區天祥街7、9號,"No.7,9, Tianxiang St., Beitun Dist., Taichung City 406, Taiwan (R.O.C.)",台中市北屯?天祥街9? ,合法 營業,,,劉淑華,"一般旅館, ,",21 間,880 ~ 1480,,2004/1/15,,3張(2014/09/05)
39,虹星汽車旅館,HON SIN MOTEL ,虹星汽車旅館,04 - 22307935 ,04 - 22337176 ,臺中市北屯區北平路4段151號,"No.151, Sec. 4, Beiping Rd., Beitun Dist., Taichung City 406, Taiwan (R.O.C.)",台中市北屯?北平路四段151? ,合法 營業,,,陳明男,"汽車旅館, ,",29 間,1350 ~ 2200,,2004/2/15,,
79,禾康商務旅館,Her Kang Hotel ,禾康商務旅館,04 - 22957333 ,04 - 22951207 ,臺中市北屯區四平路35號5-6樓,"5-6F., No.35, Siping Rd., Beitun Dist., Taichung City 406, Taiwan (R.O.C.)",台中市北屯?四平路35?5-6F ,合法 營業,,,陳睿昇,"商務旅館, ,",38 間,2960 ~ 5960,,2004/3/15,,
103,台中兆品酒店(兆尹樓)(4星),Taichung Chinatrust Hotel ,台中兆品酒店(兆尹?),04 - 24255678 ,04 - 24253708 ,臺中市北屯區后庄路268、270號1至13樓,"1-13F., No.268, Houzhuang Rd., Beitun Dist., Taichung City 406, Taiwan (R.O.C.)",台中市北屯?后庄路268、270?1-13F ,合法 營業,http://taichung.maisondechinehotel.com/,fiona.lin@tchotel.com.tw,林俊煌,"商務旅館,,",124 間,5000 ~ 80000,,2009/11/13,,5張(2014/09/09)
1,台中兆品酒店(品臻樓)(4星),Chinatrust Hotel Taichung ,台中兆品酒店(品臻?),04 - 24255678 ,04 - 24263223 ,臺中市北屯區后庄路306號,"No.306, Houzhuang Rd., Beitun Dist., Taichung City 406, Taiwan (R.O.C.)",台中市北屯?后庄路306? ,合法 營業,http://taichung.maisondechinehotel.com/,fiona.lin@tchotel.com.tw,林俊煌,"商務旅館, ,",100 間,2220 ~ 6500,,2004/1/15,,4張(2014/09/03)
104,安順商務旅館,AnShun-Hotel ,安順商務旅館,04 - 22925562 ,04 - 22925589 ,"臺中市北屯區安順東二街45,47號","No.45, Anshun E. 2nd St., Beitun Dist., Taichung City 406, Taiwan (R.O.C.)","台中市北屯?安順東二街45,47? ",合法 營業,,,馮國臣,"一般旅館, ,",28 間,780 ~ 1480,,2006/10/31,,
133,好勝地汽車旅館,Haw Sheng Dih Motel ,好勝地汽車旅館,04 - 24210266 ,04 - 24210657 ,臺中市北屯區昌平東三路59號,"No.59, Changping E. 3rd Rd., Beitun Dist., Taichung City 406, Taiwan (R.O.C.)",台中市北屯?昌平東三路59? ,合法 營業,http://hsd-motel.com.tw,jj09317@yahoo.com.tw,呂木森,"商務旅館,汽車旅館, ,",26 間,1380 ~ 3600,,2004/4/26,,
112,巴里島汽車旅館,BALI ISLAND MOTEL ,巴里島汽車旅館,04 - 24211909 ,04 - 24211908 ,臺中市北屯區昌平東五路80號,"No.80, Changping E. 5th Rd., Beitun Dist., Taichung City 406, Taiwan (R.O.C.)",台中市北屯?昌平東五路80? ,合法 營業,,,莊宗憲,"汽車旅館, ,",36 間,970 ~ 2450,,2004/3/25,,3張(2014/09/05)
66,麒麟峰溫泉旅館,Kylin-peak Hot Spring Hotel ,麒麟峰?泉旅館,04 - 22396969 ,04 - 22399485 ,臺中市北屯區東山路2段65巷15號,"No.15, Lane 65, Sec. 2, Dongshan Rd., Beitun District, Taichung City 406, Taiwan (R.O.C.)",台中市北屯?東山路二段65巷15? ,合法 營業,http://www.kylin-peak.com.tw,kylin.peak@msa.hinet.net,林清潭,"溫泉旅館, ,",24 間,2000 ~ 4800,大坑風景區,2004/2/25,,5張(2014/09/09)
107,天星大飯店,TELSTAR RESORT HOTEL ,天星大飯店,04 - 22392411 ,04 - 22399106 ,臺中市北屯區東山路2段77-11號,"No.77-11, Sec. 2, Dongshan Rd., Beitun Dist., Taichung City 406, Taiwan (R.O.C.)",台中市北屯?東山路2段77-11號 ,合法 營業,http://nimlxyzjip.wix.com/star,starhotel2010@yahoo.com.tw,陳素娥,"一般旅館, ,",92 間,2200 ~ 3200,,2004/3/25,,
193,台中日光會館,TAICHUNG THE SUN HOT SPRING & RESORT ,台中日光會館,04 - 22399000 ,04 - 22396299 ,臺中市北屯區東山路2段光西巷78號,"No.78, Sec. 2, Dongshan Rd., Beitun Dist., Taichung City 406, Taiwan (R.O.C.)",台中市北屯?東山路二段光西巷78? ,合法 營業,http://www.sunhot.com.tw/guide.asp,,郭福一,"休閒度假旅館,溫泉旅館, ,",50 間,4400 ~ 13200,,2006/11/10,,5張(2014/09/05)
49,海頓汽車旅館(1星),HAE DUENN MOTEL ,海頓汽車旅館,04 - 22469388 ,04 - 22469399 ,臺中市北屯區松竹南街1號,"No.1, Songzhu S. St., Beitun Dist., Taichung City 406, Taiwan (R.O.C.)",台中市北屯?松竹南街1? ,合法 營業,,,吳懷遠,"汽車旅館, ,",25 間,1480 ~ 6880,,2004/2/15,,5張(2014/09/05)
88,倍蒂雅汽車旅?,倍蒂雅汽車旅? ,倍蒂雅汽車旅?,04 - 22416162 ,04 - 22411637 ,臺中市北屯區河北路3段151號,倍蒂雅汽車旅?,倍蒂雅汽車旅? ,合法 營業,,,賴志忠,"汽車旅館, ,",31 間,1980 ~ 5980,,2004/3/15,,3張(2014/09/05)
144,香城大飯店(3星),CHARMING CITY HOTEL ,????????????,04 - 36069888 ,04 - 36066888 ,臺中市北屯區柳陽東街50號地下4樓至地上12樓,"No.50, Liuyang E.St, Beitun Dist,Taichung City 406,Taiwan(R.O.C)",地上階???12?4階、劉??地?、台中市?????地下Beitun50? ,合法 營業,http://www.city-hotel.com.tw,,邱忠賢,"商務旅館, ,",65 間,4200 ~ 6500,,2009/10/1,,
184,嵩悅汽車旅館,嵩悅汽車旅館 ,嵩?汽車旅館,04 - 24391122 ,04 - 24392211 ,臺中市北屯區軍功路2段267號,嵩悅汽車旅館,台中市北屯?軍功路二段267? ,合法 營業,,,曾家賢,"汽車旅館, ,",26 間,3930 ~ 7810,,2006/3/20,,
178,中科大飯店,Zhong Ke Hotel ,中科大飯店,04 - 22465599 ,04 - 22461368 ,臺中市北屯區旅順路2段7號1至19樓,"1-19F., No.7, Sec. 2, Lushun Rd., Beitun Dist., Taichung City 406, Taiwan (R.O.C.)",台中市北屯?旅順路二段7?1~19F ,合法 營業,http://www.zkhotel.com.tw/,zk.hotel@msa.hinet.net,張朝榮,"商務旅館, ,",225 間,2100 ~ 12000,,2006/10/16,,5張(2014/09/05)
9,錸得汽車旅館,LIGHT BUSINESS MOTEL ,錸得汽車旅館,04 - 24228080 ,04 - 24225161 ,臺中市北屯區崇德10路1段399號,"No.399, Sec. 1, Chongde 10th Rd., Beitun Dist., Taichung City 406, Taiwan (R.O.C.)",台中市北屯?崇?十路一段399? ,合法 營業,,,江麗慧,"汽車旅館, ,",41 間,1500 ~ 2450,,2004/1/15,,
175,水月雅緻汽車旅館,Moon River Motel ,水月雅緻汽車旅館,04 - 24211000 ,04 - 24224200 ,臺中市北屯區崇德11路110號,"No.110, Chongde 11th Rd., Beitun Dist., Taichung City 406, Taiwan (R.O.C.)",台中市北屯?崇?11路110? ,合法 營業,,,張崇勤,"汽車旅館, ,",30 間,2380 ~ 6300,,2005/6/10,,
75,崧湯汽車旅館,崧湯汽車旅館 ,崧湯汽車旅館,04 - 36028889 ,? ,臺中市北屯區崇德六路216號,崧湯汽車旅館,崧湯汽車旅館 ,合法 營業,,,何宜諠,"汽車旅館, ,",21 間,2580 ~ 5980,,2004/3/15,,3張(2014/09/05)
78,采岩汽車旅館,COLORFUL STONE ,???石　????,04 - 24228083 ,04 - 24228378 ,臺中市北屯區崇德路3段111號,"No.111, Sec. 3, Chongde Rd., Beitun Dist., Taichung City 406, Taiwan (R.O.C.)",台中市北屯?崇?路三段111? ,合法 營業,,,徐美珠,"汽車旅館, ,",47 間,1060 ~ 3000,,2004/3/15,,
162,中南海酒店,City Resort Taichung ,???????,04 - 35009888 ,04 - 35055000 ,臺中市北屯區敦化路一段485號及481號2至9樓,"No.450, Dunhua Rd., Beitun Dist., Taichung City 406, Taiwan (R.O.C.)",台中市北屯區敦化路450號 ,合法 營業,http://www.cityresort.com.tw,,巫國想,"一般旅館,休閒度假旅館,商務旅館,,",70 間,6050 ~ 11880,面鄰敦化都會公園，距中清交流道僅十分鐘車程，距大雅交流道五分鐘車程，路寬二十五米四線道；近一中商圈、逢甲夜市、科博館、東海大學、都會公園、新光三越。假日親子旅遊休閒、週間國內外商務出差、飯店住宿需求中第一優質選擇。,2010/3/17,,
45,麗緹汽車旅館,LI TI Motel ,麗緹汽車旅館,04 - 22356955 ,04 - 22363911 ,臺中市北屯區綏遠路2段91號,"No.91, Sec. 2, Sueiyuan Rd., Beitun District, Taichung City 406, Taiwan (R.O.C.)",台中市北屯?綏遠路2段91? ,合法 營業,,,陳麗貞,"汽車旅館, ,",25 間,1390 ~ 3580,,2004/2/15,,3張(2014/09/09)
185,華登商務大飯店,Waugh Den Commercial Affair Hotel ,華登商務大飯店,04 - 22964888 ,04 - 22964333 ,臺中市北屯區瀋陽路1段84號,"No.84, Sec. 1, Shenyang Rd., Beitun District, Taichung City,Taiwan(R.O.C.)",台中市北屯?瀋陽路一段84? ,合法 營業,http://www.waughden.com.tw,,廖漢澄,"一般旅館, ,",45 間,1800 ~ 2800,,2006/5/15,,5張(2014/09/05)
119,紅娘旅館,HON LIANG HOTEL ,紅娘旅館,04 - 22443711 ,04 - 22362506 ,臺中市北屯區瀋陽路2段59號,"No.59, Sec. 2, Shenyang Rd., Beitun Dist., Taichung City 406, Taiwan (R.O.C.)",台中市北屯?瀋陽路二段59? ,合法 營業,,,許秀月,"一般旅館, ,",29 間,700 ~ 1600,,2004/3/25,,
251,鴻賓大旅社,Hongbin Grand Hotel ,鴻賓大旅社,04 - 25222168-9 ,? ,臺中市豐原區三民路35號,"No. 35 San Min Road, Taichung City Yutaka original",台中市豊原?三民路35? ,合法 營業,,,洪源隆,"一般旅館, ,",18 間,660 ~ 779,,2004/12/3,,
257,國賓大旅社,Ambassador Hostel ,?賓大旅社,04 - 25222191 ,? ,臺中市豐原區三民路37號,"No.37, Sanmin Rd., Fengyuan Dist., Taichung City",台中市豊原?三民路37? ,合法 營業,,,魏桂梅,"一般旅館, ,",20 間,660 ~ 1300,,2005/3/29,,
263,真正好旅店,GOOD HOTEL ,真正好旅店,04 - 25256877 ,04 - 25251499 ,臺中市豐原區三豐路152號,"No.152, Shan Feng Rd., Fengyuan District, Taichung City",台中市丰原?三丰路152番 ,合法 營業,,,謝安仲,"商務旅館, ,",56 間,1000 ~ 1400,,2005/5/25,,5張(2014/09/05)
223,楓采休閒商務汽車旅館,FONG CAI MOTEL ,楓采????商務汽車旅館,04 - 25282686 ,04 - 25201649 ,臺中市豐原區永康路211巷25弄76號,"No.76, Aly. 25, Ln. 211, Yongkang Rd., Fengyuan Dist., Taichung City 420, Taiwan (R.O.C.)",台中市豊原?永康路211巷25弄76? ,合法 營業,http://www.楓采休閒商務汽車旅館.tw,maple.motel@msa.hinet.net,張欽宗,"休閒度假旅館,商務旅館,汽車旅館, ,",30 間,2280 ~ 3580,"月眉育樂世界(馬拉灣),后里馬場,糖廠,石岡水壩",2004/9/27,,3張(2014/09/09)
225,新都大飯店(2星),New Plaza Hotel ,新都大飯店???　???　???,04 - 25288777 ,04 - 25288572 ,"臺中市豐原區向陽路77-1號1,9-13樓","No.77-1, Xiangyang Rd., Fengyuan Dist., Taichung City 420, Taiwan (R.O.C.)",台中市豊原?向陽路77-1? ,合法 營業,,newhotel168@hotmail.com,巫重熙,"商務旅館, ,",85 間,1600 ~ 3200,月眉育樂世界,2004/9/27,,5張(2014/09/05)
272,春水漾旅館,Spring young motel ,春???????,04 - 25205899 ,04 - 25298099 ,臺中市豐原區成功路579號,"No.579, Chenggong Rd., Fengyuan Dist., Taichung City 420, Taiwan (R.O.C.)",台中市豐原?成功路579? ,合法 營業,http://www.springyoung.com.tw,springyoung@springyoung.com.tw,劉紹泉,"商務旅館,汽車旅館, ,",43 間,1780 ~ 12880,,2007/1/4,,3張(2014/09/05)
252,溫莎堡庭園商務旅館,Winsal Castle Motel ,?莎堡庭園商務旅館,04 - 25292919 ,04 - 25292918 ,"臺中市豐原區成功路686,688號","No.686、688, Chenggong Rd., Fengyuan Dist., Taichung City",台中市豊原?成功路686、688? ,合法 營業,,,鄭文學,"商務旅館,汽車旅館, ,",30 間,1580 ~ 1680,旅館所在位置近市區.有著名的廟東小吃街.往郊區方向可前往公老坪採果.東豐自行車步道.以及谷關泡溫泉.新社鄉踏青...等等,2005/1/14,,3張(2014/09/05)
204,大芳旅社,DA FANG ,大芳旅社,04 - 25222197 ,? ,臺中市豐原區和平街46號,"No.46, Heping St., Fengyuan Dist., Taichung City 420, Taiwan (R.O.C.)",台中市豊原?和平街46? ,合法 營業,,,廖張獻,"一般旅館, ,",10 間,450 ~ 550,,2004/1/16,,
325,五都大飯店,Grand City Hotel ,??????????,04 - 27072388 ,04 - 27072399 ,臺中市豐原區東北街1、3號,"No.1、3, Dongbei St., Fengyuan Dist., Taichung City 420, Taiwan (R.O.C.)",台中市豐原?東北街1、3號 ,合法 營業,http://www.grandcityhotel.com.tw,service@grandcityhotel.com.tw,賴營炫,"一般旅館,,",120 間,2900 ~ 38000,位於豐原火車站旁，交通便捷，附近有太平洋百貨、豐原廟東小吃街、夜市等觀光景點,2014/5/13,,5張(2014/09/05)
266,尼斯堡庭園商務汽車旅館,尼斯堡庭園商務汽車旅館 ,尼斯堡庭園商務汽車旅館,04 - 25721212 ,04 - 25722112 ,臺中市豐原區豐勢路2段1110號,台中市豊原?豊勢路二段1110?,台中市豊原?豊勢路二段1110? ,合法 營業,,,鄭美玲,"商務旅館,汽車旅館, ,",41 間,1000 ~ 3880,,2006/2/8,,
215,東勢汽車商務旅館,東勢汽車商務旅館 ,東勢汽車商務旅館,04 - 25882218 ,04 - 25882234 ,臺中市東勢區正一街1號,東勢汽車商務旅館,台中市東勢?正一街1? ,合法 營業,,,詹貴蘭,"商務旅館,汽車旅館, ,",19 間,1680 ~ 1680,,2004/4/1,,
220,金龍旅社,金龍旅社 ,金龍旅社,04 - 25873805 ,? ,臺中市東勢區第二橫街26號,金龍旅社,台中市東勢?第二?街26? ,合法 營業,,,李松昌,"一般旅館, ,",4 間,400 ~ 400,,2004/6/7,,
212,金家園大旅社,JIN JIA YUAN HOTEL ,金家園大旅社,04 - 25877182-5 ,04 - 25877185 ,臺中市東勢區第二橫街7號,"No.7, 2nd Side St., Dongshi Dist., Taichung City 423, Taiwan (R.O.C.)",台中市東勢?第二?街7? ,合法 營業,,,林陳錦淑,"一般旅館, ,",23 間,600 ~ 1400,,2004/3/15,,
260,東海旅社,DONG HAI HOTEL ,東海旅社????　???,04 - 25872121 ,? ,臺中市東勢區第四橫街44號,"No.44, 4th Side St., Dongshih District, Taichung City",台中市東勢?第四?街44? ,合法 營業,,,江錫卿,"一般旅館, ,",12 間,600 ~ 600,,2005/4/8,,
281,彰化縣農會東勢林場,Dongshi Forest Garden ,東勢林場遊園地,04 - 25872191 ,04 - 25888545 ,臺中市東勢區勢林街6-1號,"No.6-1, Shilin St., Dongshi Dist., Taichung City 423, Taiwan (R.O.C.)",台中市東勢?勢林街6-1? ,合法 營業,http://www.tsfa.com.tw,ts.forest@outlook.com,莊登科,"休閒度假旅館, ,",107 間,2080 ~ 6000,東勢林場遊樂區內,2009/7/14,,3張(2014/09/05)
269,長緹商務旅館,Chang-Ti Business Hotel ,長緹商務旅館,04 - 25771616 ,04 - 25888797 ,臺中市東勢區豐勢路2-1號,"No.2-1 Fengshi Rd., Dongshi Dist., Taichung City 423, Taiwan (R.O.C.)",台中市東勢?豐勢路2-1? ,合法 營業,,changti.lo@msa.hinet.net,羅岳?,"商務旅館, ,",19 間,1980 ~ 3680,"東豐自行車綠色走廊.東勢客家文化園區.東勢林場.大雪山森林遊樂區等.本旅館對外交通便利,是一座設計獨特且優雅.讓您輕鬆悠閒自在的旅館.",2006/6/26,,5張(2014/09/05)
217,東平旅社,dong ping hotel ,東平旅社,04 - 25872333 ,? ,臺中市東勢區豐勢路480號,"No.480, Fengshi Rd., Dongshi Dist., Taichung City 423, Taiwan (R.O.C.)",台中市東勢?豐勢路480? ,合法 營業,,,趙善德,"一般旅館, ,",14 間,150 ~ 350,,2004/5/7,,
259,東山旅社,dong shan hotel ,東山旅社,04 - 25872126 ,? ,臺中市東勢區豐勢路中盛巷30號,"No.30, Zhongsheng Ln., Fengshi Rd., Dongshi Dist., Taichung City 423, Taiwan (R.O.C.)",台中市東勢?豐勢路中盛巷30? ,合法 營業,,,彭曾冬妹,"一般旅館, ,",11 間,500 ~ 500,,2005/4/1,,
240,東南亞旅社,Southeast Hostel ,東南亞旅社,04 - 26873121 ,? ,臺中市大甲區中山路一段943號,"943 Zhongshan Road, Taichung City Dajia District",台中市大甲?中山路943? ,合法 營業,,,楊榕英,"一般旅館, ,",26 間,350 ~ 350,,2004/10/14,,
248,華麒貴賓旅館,HUA CI HOTEL ,華麒貴賓旅館???　???,04 - 26861517 ,? ,臺中市大甲區光明路62號,"No.62, Guangming Rd., Dajia Dist., Taichung City 437, Taiwan (R.O.C.)",台中市大甲?光明路62? ,合法 營業,,,李陳彩,"一般旅館, ,",22 間,500 ~ 600,,2004/12/1,,
249,大江山旅社,da jiang shan hotel ,大江山旅社,04 - 26873101 ,? ,臺中市大甲區育德路15號,"No.15, Yude Rd., Dajia Dist., Taichung City 437, Taiwan (R.O.C.)",台中市大甲?育?路15? ,合法 營業,,,張彩梨,"一般旅館, ,",12 間,400 ~ 500,,2004/12/1,,
227,大甲旅社,DA JIA HOTEL ,大甲旅社????　???,04 - 26872126 ,04 - 26876648 ,臺中市大甲區蔣公路73號,"No.73, Jianggong Rd., Dajia Dist., Taichung City 437, Taiwan (R.O.C.)",台中市大甲??公路73? ,合法 營業,http://a85579444.myweb.hinet.net/,tulye@seed.net.tw,杜宗泰,"一般旅館, ,",67 間,600 ~ 1400,,2004/9/27,,5張(2014/09/05)
231,信東大旅社,Letter East Hostel ,???東????,04 - 26222126 ,? ,臺中市清水區中興路35-1號,"No. 35-1, Zhongxing Road, Taichung City water district",番?35-1、中興路、台中市水地? ,合法 營業,,,楊錫濤,"一般旅館, ,",12 間,800 ~ 1200,,2004/10/7,,3張(2014/09/09)
279,伊戀汽車旅館,yilian motel ,伊?汽車旅館,04 - 26581766 ,? ,臺中市清水區港埠路三段350號,"No.350, Sec. 3, Gangbu Rd., Qingshui Dist., Taichung City 436, Taiwan (R.O.C.)",台中市清水?港埠路三段350? ,合法 營業,,,楊泰鑫,"汽車旅館, ,",16 間,2060 ~ 2960,,2008/6/16,,3張(2014/09/05)
207,天一大旅社(2星),TINN YI HOTEL ,天一大旅社???　???,04 - 26222364 ,04 - 26225998 ,臺中市清水區新興路123號,"No.123, Sinsing Rd., Cingshuei District, Taichung City",台中市清水?新興路123? ,合法 營業,http://www.tianyihotel.com.tw,tene_hotel@yahoo.com.tw,李翠華,"一般旅館, ,",21 間,800 ~ 1200,,2004/2/18,,5張(2014/09/05)
224,皇春賓館,huang chun hotel ,皇春賓館,04 - 26226185 ,? ,臺中市清水區新興路145號,"No.145, Xinxing Rd., Qingshui Dist., Taichung City 436, Taiwan (R.O.C.)",台中市清水?新興路145? ,合法 營業,,,黃啟釧,"一般旅館, ,",40 間,600 ~ 1380,,2004/9/27,,
280,花沐蘭精品旅館,Mu Lan flower boutique hotel ,??蘭?花?????????,04 - 2662-4848 ,04 - 26324498 ,臺中市沙鹿區七賢路288號,"Shalu District, Taichung City Seven Sages Road No. 288",沙鹿地?、台中市七賢人???????288 ,合法 營業,,,吳敬偉,"汽車旅館, ,",43 間,1260 ~ 4800,,2009/4/9,,
278,佛羅倫斯別墅旅館,Villa Florence hotel ,?????????????,04 - 26652938 ,04 - 26626129 ,臺中市沙鹿區中山路121-1號,"No.121-1, Qixian S. Rd., Shalu Dist., Taichung City 433, Taiwan (R.O.C.)",沙鹿、台中市中山?番?121-1 ,合法 營業,,,陳彥宏,"汽車旅館, ,",23 間,2180 ~ 2980,,2008/3/17,,3張(2014/09/05)
256,富都大旅社,Fu Dou Hotel ,??????,04 - 26621106 ,? ,臺中市沙鹿區中山路294號,"No.294, Zhongshan Rd., Shalu Dist., Taichung City 433, Taiwan (R.O.C.)",台中市沙鹿?中山路294? ,合法 營業,,,紀添?,"一般旅館, ,",15 間,800 ~ 1600,,2005/2/24,,
208,統一大飯店,President Hotel ,統一大飯店??????　???,04 - 26622121 ,04 - 26622792 ,臺中市沙鹿區日新街92號,"92 Rshin St., Shalu District, Taichung City",台中市沙鹿?日新街92? ,合法 營業,,,楊阿幸,"商務旅館, ,",68 間,780 ~ 2200,"近市區,交通便利",2004/2/18,,
128,海德堡汽車旅館,Hai De Bao Motel ,海德堡汽車旅館,04 - 26334515 ,04 - 26334505 ,臺中市沙鹿區北勢東路660巷1、3、5號,"No.1, Ln. 660, Beishi E. Rd., Shalu Dist., Taichung City 433",台中市沙鹿區北勢東路660巷1、3、5號 ,合法 營業,,,黃偉哲,"汽車旅館, ,",20 間,1980 ~ 2800,,2011/6/29,2010/12/21,3張(2014/09/09)
229,國都大飯店,CAPITAL HOTEL ,?都大飯店?????　???　?????,04 - 26571181 ,04 - 26571180 ,臺中市梧棲區大智路二段346號,"NO.346 Sec. 2,DajhihRd., Wuchi, Taichung 435,Taiwan(R.O.C)",台中市梧棲?大智路二段346? ,合法 營業,http://www.capitalhotel.com.tw,counter@capitalhotel.com.tw,賴營炫,"商務旅館, ,",54 間,1300 ~ 3800,,2005/9/5,,5張(2014/09/05)
289,荷蘭村汽車旅館,he lan cun motel ,荷蘭村汽車旅館,04 - 26569696 ,04 - 26568989 ,"臺中市梧棲區中華路一段1131巷1,2,3,5至20號","No.1, Ln. 1131, Sec. 1, Zhonghua Rd., Wuqi Dist., Taichung City 435, Taiwan (R.O.C.)",台中市梧棲?中華路一段1131巷1? ,合法 營業,,,黃吳芬芳,"汽車旅館, ,",20 間,1200 ~ 2500,,2010/12/23,2010/10/5,3張(2014/09/09)
241,進方大飯店,JEAN FAUN HOTEL ,進方大飯店,04 - 26578822 ,04 - 26576533 ,臺中市梧棲區港埠路2段431巷22號,"No.22, Lane 431, Sec. 2, Gangbu Rd., Wuci District, Taichung City",台中市梧棲?港埠路2段431巷22? ,合法 營業,,,蘇源磯,"一般旅館, ,",48 間,900 ~ 1680,,2004/10/15,,4張(2014/09/05)
285,愛力根汽車旅館,ALEGRAN MOTEL ,愛力根汽車旅館,04 - 26582255 ,04 - 26582199 ,臺中市梧棲區港埠路二段450號,"No.450, Sec. 2, Gangbu Rd., Wuqi Dist., Taichung City 435, Taiwan (R.O.C.)",台中市梧棲?港埠路二段450? ,合法 營業,,,蔡忠慶,"汽車旅館, ,",20 間,1450 ~ 3600,,2010/4/9,,3張(2014/09/05)
292,艾菲爾精巧旅館,Affair motel Co.Ltd ,?????塔洗練??????,04 - 26577577 ,04 - 26579790 ,臺中市梧棲區臨港路四段298號,"No.298, Sec. 3, Lingang Rd., Wuqi Dist., Taichung City 435, Taiwan (R.O.C.)",Wuci地?、台中市298???????、秒 ,合法 營業,http://www.affairmotel.com.tw,classic@kingnet.net.tw,黃德豐,"汽車旅館,,",28 間,3600 ~ 4200,梧棲觀光漁港.高美溼地,2012/1/19,,
267,雅曼妮商務汽車旅館,AMANI SPA MOTEL ,????????事業????,04 - 25580777 ,04 - 25582358 ,臺中市后里區民生路348號,"No.348, Minsheng Rd., Houli Dist., Taichung City 421, Taiwan (R.O.C.)",番?348、民生路后里地?、台中市 ,合法 營業,,,莊三泉,"商務旅館,汽車旅館, ,",30 間,1440 ~ 6000,"后里交流道旁,大圳路民生路交叉口,月眉育樂世界,月眉休閒觀光糖廠,后里馬場,后里鐵馬道,鳳凰山健行步道,中社花市",2006/5/1,,
245,湘源大旅社,Siang-Yuan Hotel ,湘源大旅社,04 - 25562165 ,? ,臺中市后里區甲后路255號,"No.255, Jiahou Rd., Houli Dist., Taichung City 421, Taiwan (R.O.C.)",台中市后里?甲后路255? ,合法 營業,,,吳莊碧玉,"一般旅館, ,",10 間,500 ~ 600,,2004/11/25,,
236,僑芳賓館,CIAO FANG HOTEL ,僑芳賓館??????　???,04 - 25571671 ,? ,臺中市后里區后里里復興街104號,"No.104, Fuxing St., Houli Dist., Taichung City 421, Taiwan (R.O.C.)",台中市后里?后里里復興街104? ,合法 營業,,,劉瑞玉,"一般旅館, ,",12 間,600 ~ 800,,2004/10/14,,
296,福容大飯店 月眉(5星),Fullon Hotel Yamay ,福容大飯店 月眉,04 - 25592888 ,04 - 25561388 ,臺中市后里區福容路88號,"No.88, Fullon Rd., Houli Dist., Taichung City 421, Taiwan (R.O.C.)",台中市后里?福容路88? ,合法 營業,http://yamay.fullon-hotels.com.tw/,gm_ym@fullon-hotels.com.tw,吳寶田,"休閒度假旅館,,",272 間,9800 ~ 55800,麗寶樂園內.月眉探索樂園.馬拉灣水上樂園.大樟樹土地公廟.月眉糖廠.天馬牧場,2012/6/11,,
277,中科后豐會館,Ho Fong Business Stay ,中科后豐會館,04 - 25122211 ,04 - 25277656 ,臺中市神岡區豐洲里五權路128號,"No.128, Wuquan Rd., Shengang Dist., Taichung City 429, Taiwan (R.O.C.)",台中市神岡?豊洲里五?路128? ,合法 營業,http://www.zk-hofong.com.tw,zk-hofong@msa.hinet.net,張朝榮,"商務旅館, ,",68 間,1700 ~ 7000,,2008/4/2,,5張(2014/09/05)
219,立勤大飯店,LI CIN HOTEL ,立勤大飯店,04 - 25324131 ,04 - 25324132 ,臺中市潭子區潭陽里中山路二段345號,"No.345, Sec. 2, Zhongshan Rd., Tanzi Dist., Taichung City 427, Taiwan (R.O.C.)",台中市潭子?潭陽里中山路二段345? ,合法 營業,,,林欽淵,"商務旅館, ,",33 間,800 ~ 2400,,2004/5/24,,3張(2014/09/05)
235,新聯美旅社,新聯美旅社 ,新聯美旅社,04 - 25360421 ,? ,臺中市潭子區潭陽里潭興路二段494號,新聯美旅社,台中市潭子?潭陽里潭興路二段494? ,合法 營業,,,鄭幹夫,"一般旅館, ,",6 間,700 ~ 700,,2004/10/14,,3張(2014/09/05)
238,潭子旅社,TANZI HOTEL ,??????,04 - 25371359 ,? ,臺中市潭子區潭陽里潭興路二段504號,"No.504, Sec. 2, Tanxing Rd., Tanzi Dist., Taichung City 427, Taiwan (R.O.C.)",台中市潭子?潭陽里潭興路二段504? ,合法 營業,,,許桂華,"一般旅館, ,",4 間,700 ~ 700,,2004/10/14,,3張(2014/09/05)
262,清泉旅社,ching chiuan hotel ,清泉旅社,04 - 25663146 ,? ,臺中市大雅區月祥路502巷1號,"No.1, Ln. 502, Yuexiang Rd., Daya Dist., Taichung City 428, Taiwan (R.O.C.)",台中市大雅?忠義里月祥路502巷1? ,合法 營業,,,張英豪,"一般旅館, ,",10 間,600 ~ 800,,2005/5/16,,3張(2014/09/09)
282,杜拜風情時尚旅館,Dubai Villa Motel ,杜拜風情時尚旅館,04 - 25654228 ,04 - 25654757 ,臺中市大雅區神林南路568號,"No.568, Shenlin S. Rd., Daya District, Taichung City 428, Taiwan (R.O.C.)",台中市大雅?神林南路568? ,合法 營業,,dobai@dubai-villa.com.tw,紀林秀容,"商務旅館,汽車旅館,,",46 間,2280 ~ 5980,,2009/9/14,,
250,城市水棧汽車旅館,City wave motel ,都市?水????? － ??,04 - 25679888 ,04 - 25679945 ,臺中市大雅區雅環路一段153號,"No.153, Sec. 1, Yahuan Rd., Daya Dist., Taichung City 428, Taiwan (R.O.C.)",台中市大雅?四?里雅環路一段153? ,合法 營業,http://www.watercity.com.tw/,watercity@watercity.com.tw,劉紹泉,"汽車旅館, ,",33 間,1680 ~ 8980,,2006/1/17,,3張(2014/09/05)
284,大甲御和園商務汽車旅館,Dajia Leisure Motel ,?嘉??＆????事業????,04 - 26867799 ,04 - 26867798 ,臺中市外埔區大東里甲后路777號,"No.777, Jiahou Rd., Waipu Dist., Taichung City 438, Taiwan (R.O.C.)",後部???地?????????、台中市777 ,合法 營業,,,鄭朝元,"一般旅館,商務旅館,汽車旅館,,",47 間,2100 ~ 6000,,2010/2/12,,
254,烏日富國旅社,FRANK HOTEL ,烏日富?旅社,04 - 23381401 ,? ,臺中市烏日區中山路2段113號,"No.113, Sec. 2, Zhongshan Rd., Wuri Dist., Taichung City 414, Taiwan (R.O.C.)",台中市烏日?烏日里中山路二段113? ,合法 營業,,,林慶宜,"一般旅館, ,",7 間,300 ~ 500,,2007/1/16,,
255,一三三別館,Yi San San Hotel ,一三三別館,04 - 23381123 ,? ,臺中市烏日區中山路2段143號,"No.143, Sec. 2, Zhongshan Rd., Wuri Dist., Taichung City 414, Taiwan (R.O.C.)",台中市烏日?中山路2段143? ,合法 營業,,,楊溫秀葉,"一般旅館, ,",21 間,620 ~ 950,,2005/2/22,,
274,高鐵戀館,Shantir HIP SPA MOTEL ,????????高?戀館,04 - 23387808 ,04 - 23381208 ,臺中市烏日區新興路15號,"No.15, Xinxing Rd., Wuri Dist., Taichung City 414, Taiwan (R.O.C.)",台中市烏日?烏日里新興路15? ,合法 營業,http://www.shantirmotel.com.tw,shantir.service@gmail.com,商富育,"汽車旅館, ,",20 間,2880 ~ 9600,,2007/3/19,,5張(2014/09/09)
268,清新溫泉度假飯店(5星),Freshfields Resort & Conference ,清新?泉度假飯店,04 - 23829888 ,04 - 23826888 ,臺中市烏日區溫泉路2號,"No.2, Wen-Quan Road, Wurih, Taichung City 41450, Taiwan (R.O.C.).",台中市烏日??泉路2? ,合法 營業,,info@mail.freshfields.com.tw,廖紫岑,"一般旅館,休閒度假旅館,溫泉旅館, ,",157 間,3200 ~ 58000,,2006/3/13,,5張(2014/09/09)
288,新峰旅社,New peak hotel ,新峰旅社?????　???,04 - 23393007 ,? ,臺中市霧峰區中正路875巷2號,"No.875, Jhongjheng Rd., Wufong District, Taichung City",台中市霧峰?本堂里中正路875巷2? ,合法 營業,,,陳永慶,"一般旅館, ,",7 間,600 ~ 1200,,2010/10/21,,
264,美思樂汽車旅館,美思樂汽車旅館 ,美思?汽車旅館,04 - 24076868 ,? ,臺中市大里區大明路480號,"No.480, Daming Rd., Dali Dist., Taichung City",台中市大里?大明路480? ,合法 營業,,,陳 時,"汽車旅館, ,",33 間,1580 ~ 2400,,2005/9/13,,
287,大里皇家汽車旅館,Tali Royal Motel ,??????????,04 - 24077666 ,04 - 24077677 ,臺中市大里區永隆里永隆七街137號,"Tali, Taichung City District Lung Lung seven streets in No. 137",第137??、台中市地?肺?肺7通? ,合法 營業,,,曾冠毓,"汽車旅館,,",25 間,1380 ~ 2380,,2010/8/26,,
273,風緻精品旅館,Fongchih Motel ,風????????????原因株式?社,04 - 24180099 ,04 - 24180088 ,臺中市大里區永隆路428號,"No.428, Yonglong Rd., Dali District, Taichung City 412, Taiwan (R.O.C.)",第428????肺?道??地?、台中市 ,合法 營業,http://www.fong-chih.com.tw,fongchih88@yahoo.com.tw,顏簾埕,"汽車旅館, ,",27 間,1980 ~ 3980,,2007/2/2,,
265,春天溫泉泡湯旅館,Spring SPA Motel ,春天?泉泡湯旅館,04 - 24063836 ,04 - 24067076 ,"臺中市大里區永隆路451號,東明路608,610號","No.451, Yonglong Rd., Dali Dist., Taichung City 412, Taiwan (R.O.C.)",台中市大里?永隆路451? ,合法 營業,,,洪國華,"汽車旅館,溫泉旅館, ,",40 間,2000 ~ 9880,國光花市.台灣省諮議會,2005/9/19,,
253,羅馬假期汽車旅館,ROMAN VACATION ,羅馬假期汽車旅館 ??? ??????,04 - 24838588 ,? ,臺中市大里區勝利二路62號,"No.62, Shengli 2nd Rd., Dali Dist., Taichung City 412, Taiwan (R.O.C.)",台中市大里?勝利二路62? ,合法 營業,,,張建森,"汽車旅館, ,",36 間,1750 ~ 3600,,2005/1/24,,5張(2014/09/05)
205,佳賓旅社,Jia Bin Hotel ,佳賓旅社,04 - 24852023 ,? ,臺中市大里區新南路80號,"No.80, Xinnan Rd., Dali Dist., Taichung City 412, Taiwan (R.O.C.)",台中市大里?新南路80? ,合法 營業,,,林招治,"一般旅館, ,",12 間,600 ~ 800,,2004/1/27,,
286,寶儷倞汽車旅館,PAOLICHING MOTEL ,寶儷倞汽車旅館,04 - 24069980 ,04 - 24068108 ,臺中市大里區環河路117號,"No.117, Huanhe Rd., Dali Dist., Taichung City 412, Taiwan (R.O.C.)",台中市大里?環河路117? ,合法 營業,,,許鐘錫,"汽車旅館, ,",26 間,1280 ~ 3800,,2010/4/9,,1張(2014/09/09)
301,梨山賓館,Lishan Guest House ,梨山賓館,04 - 22653939 ,04 - 22652353 ,臺中市和平區中正路91、91-3、91-4、91-6號,"No.91, Zhongzheng Rd., Heping Dist., Taichung City 424, Taiwan (R.O.C.)",台中市和平?中正路91? ,合法 營業,http://www.skk.com.tw,reeves@livemail.tw,顧正隆,"一般旅館,休閒度假旅館,,",103 間,5000 ~ 20000,梨山天池、梨山文物陳列館、合歡溪步道、環山社區,2012/10/29,2012/9/7,
216,武陵富野渡假村,HOYA RESORT HOTEL WULING ,武陵富野渡假村,04 - 25901399 ,04 - 25901118 ,臺中市和平區平等里武陵路3-16號,"No.3-16, Wuling Rd., Heping District, Taichung City 424, Taiwan (R.O.C.)",台中市和平?武陵路3-16? ,合法 營業,http://www.hoyaresort.com.tw/wuling/mainpage1.php,service@mail.hoyaresort.com.tw,江容娥,"休閒度假旅館, ,",143 間,3500 ~ 25000,武陵農場,2004/4/8,,
210,武陵國民賓館,Wuling Farm Guest House ,武陵?民賓館???　????　???　???,04 - 25901259 ,04 - 25901355 ,臺中市和平區平等里武陵路3-1號,"No.3-1, Wuling Rd., Heping District, Taichung City 424, Taiwan (R.O.C.)",台中市和平?平等里武陵路3-1? ,合法 營業,http://www.wuling-farm.com.tw/room/index.php,,吳志揚,"休閒度假旅館, ,",116 間,1936 ~ 3630,森林浴、露營區、賞鳥步道、櫻花鉤吻鮭觀魚台、觀星、生態園區、七家灣溪遺址展示館,2004/2/20,,
275,統一谷關渡假村(4星),Uni-Resort Guguan ,統一谷關渡假村?????? ???　????（???? ???? ???）,04 - 25950000 ,04 - 25950060 ,臺中市和平區東關路一段188號,"No.188, Sec. 1, Dongguan Rd., Heping Dist., Taichung City 424, Taiwan (R.O.C.)",台中市和平?博愛里東?路一段188? ,合法 營業,http://www.uni-resort.com/gu,,黃書傑,"一般旅館,休閒度假旅館,溫泉旅館, ,",70 間,4500 ~ 20000,台八縣指標33公里處鄰近觀光景點八仙山森林遊樂區,2007/10/23,,5張(2014/09/09)
326,台中商務旅館－八仙山莊,Taichung Business Hotel - Immortals Hills ,台中商務旅館－八仙山莊,04 - 25950266 ,04 - 25950233 ,臺中市和平區東關路一段200號之8,"No.200-8, Sec. 1, Dongguan Rd., Heping Dist., Taichung City 424, Taiwan (R.O.C.)",台中市和平?東關路一段200?之8 ,合法 營業,,,洪國清,"休閒度假旅館,,",18 間,2000 ~ 8000,八仙山森林遊樂區、谷關溫泉、谷關稍來步道,2014/6/18,,
261,惠來谷關溫泉會館,Hui Lai Villa Hotel ,??谷??泉?館,04 - 25951998 ,04 - 25951789 ,臺中市和平區東關路一段溫泉巷10號,"No.10, Wenquan Ln., Sec. 1, Dongguan Rd., Heping Dist., Taichung City 424, Taiwan (R.O.C.)",台中市和平?博愛里東?路一段?泉巷10? ,合法 營業,http://www.villa-spa.com.tw,service@villa-spa.com.tw,陳建華,"溫泉旅館, ,",53 間,4500 ~ 20000,,2005/5/6,,5張(2014/09/05)
209,汶山大飯店,Wen-Shan Enterprise Corporation ,汶山大飯店,04 - 25951265 ,04 - 25951265 ,臺中市和平區東關路一段溫泉巷16號,"No.16, Sec. 1, Dongguan Rd., Heping District, Taichung City",台中市和平?東關路一段溫泉巷16? ,合法 營業,,,林盟弼,"溫泉旅館, ,",30 間,1000 ~ 2500,,2004/2/20,,
203,明治溫泉大飯店,MING JHIH HOT SPRING HOTEL ,明治?泉大旅社,04 - 25951111 ,04 - 25951211 ,臺中市和平區東關路一段溫泉巷17號,"No.17, Sec. 1, Dongguan Rd., Heping District, Taichung City",台中市和平?博愛里東?路一段?泉巷17? ,合法 營業,,meijihotel@msa.hinet.net,林劉玉真,"溫泉旅館, ,",105 間,1600 ~ 8000,,2004/1/5,,
214,東關溫泉大旅社,DONG GUAN HOT SPRING HOTEL ,東??泉大旅社 ????　???　?????　???,04 - 25951112 ,? ,臺中市和平區東關路一段溫泉巷18號,"No.18, Sec. 1, Dongguan Rd., Heping District, Taichung City",台中市和平?博愛里東?路一段?泉巷18? ,合法 營業,,,詹淑真,"溫泉旅館, ,",48 間,1700 ~ 2200,,2009/5/13,,
211,谷關大飯店(3星),Ku Kuan Hotel ,谷?大飯店????　???,04 - 25951355 ,04 - 25951359 ,臺中市和平區東關路一段溫泉巷6號,"No.6, Wenquan Ln., Sec. 1, Dongguan Rd., Heping Dist., Taichung City 424, Taiwan (R.O.C.)",台中市和平?博愛里東?路一段?泉巷6? ,合法 營業,,,張明仁,"溫泉旅館, ,",153 間,2299 ~ 12000,,2004/3/8,,
283,神木谷假期大飯店(3星),Utopia Holiday ,神木谷假期大飯店?????　????,04 - 25951511 ,04 - 25951518 ,臺中市和平區東關路一段溫泉巷7號,"No.7, Wenquan Ln., Sec. 1, Dongguan Rd., Heping Dist., Taichung City 424, Taiwan (R.O.C.)",台中市和平?博愛里東?路一段?泉巷7? ,合法 營業,,,王芳兒,"溫泉旅館, ,",31 間,2275 ~ 6000,,2009/12/15,,4張(2014/09/05)
226,新瑞士大旅店,DONG HAE HOTEL ,新瑞士大旅社,04 - 25989612 ,04 - 25989752 ,臺中市和平區梨山里中正路11號,"No.11, Jhongjheng Rd., Heping District, Taichung City",台中市和平?梨山里中正路11? ,合法 營業,,,羅文在,"一般旅館, ,",34 間,600 ~ 1200,,2004/9/27,,3張(2014/09/09)
237,福忠彩虹渡假旅館,Fu-Chung Rainbow Hotel ,福忠彩虹渡假旅館,04 - 25989506 ,04 - 25980168 ,臺中市和平區梨山里中正路61號,"No.61, Zhongzheng Rd., Heping Dist., Taichung City 424, Taiwan (R.O.C.)",台中市和平?梨山里中正路61? ,合法 營業,,fc.rainbow@msa.hinet.net,林寶惠,"一般旅館,休閒度假旅館, ,",32 間,1880 ~ 5980,,2004/10/14,,5張(2014/09/05)
239,燕華樓大旅社,yan hua lou hotel ,燕華?大旅社,04 - 25989511 ,? ,臺中市和平區梨山里民族街22號,"No.22, Minzu St., Heping Dist., Taichung City 424, Taiwan (R.O.C.)",台中市和平?梨山里民族街22? ,合法 營業,,,鄭泰隆,"一般旅館, ,",18 間,1600 ~ 4800,,2004/10/15,,3張(2014/09/09)
232,梨都大旅社,LI DU HOTEL ,梨都大旅社,04 - 25989256 ,? ,臺中市和平區梨山里民族街34號,"No.34, Minzu St., Heping Dist., Taichung City 424, Taiwan (R.O.C.)",台中市和平?梨山里民族街34? ,合法 營業,,,陳銓賢,"一般旅館, ,",25 間,700 ~ 2200,,2004/10/8,,3張(2014/09/05)
271,飛燕城堡度假飯店,Sheng Hsin Hotel ,飛燕城堡度假飯店,04 - 25989577-8 ,04 - 25981203 ,臺中市和平區梨山里民族街46號,"46-1 Mintzu Rd., Hoping District, Taichung City",台中市和平?梨山里民族街46? ,合法 營業,,,段余凌雲,"休閒度假旅館, ,",70 間,1600 ~ 6200,●武陵農場●德基水庫●天池●福壽山農場●文物陳列館●清境農場●大禹嶺●天祥●太魯閣 ●合歡山,2006/12/29,,3張(2014/09/05)
233,好望角大飯店,HAO WANG JIAO HOTEL ,好望角大飯店???????　???,04 - 25981513 ,? ,臺中市和平區梨山里民族街52號,"No.52, Minzu St., Heping District, Taichung City",台中市和平?梨山里民族街52? ,合法 營業,,,黃昭慶,"一般旅館, ,",34 間,500 ~ 1200,,2004/10/8,,3張(2014/09/09)
244,福壽山農場,Fu Shou Shan Farm ,福?山農場,04 - 25989501 ,04 - 25981441 ,臺中市和平區梨山里福壽路29號,"No.29, Fushou Rd., Heping Dist., Taichung City 424, Taiwan (R.O.C.)",台中市和平?梨山里福?路29? ,合法 營業,http://www.fushoushan.com.tw,fssn1060@ms15.hinet.net,李清彬,"休閒度假旅館,農場山莊, ,",62 間,2200 ~ 6600,,2004/11/1,,
,,,,,,,,,,,,,,,,,,,
,,,,,,,,,,,,,,,,,,,
